fixed acidity;volatile acidity;citric acid;residual sugar;chlorides;free sulfur dioxide;total sulfur dioxide;density;pH;sulphates;alcohol;quality
8.832303342975196;1.4255186770096127;0.1025679625835898;12.334156891485978;0.3104153902052135;20.394333046266105;80.40756207989762;0.9985365948529485;3.7452988643411356;1.7221246230093614;12.355330226414754;4
15.343071662432052;0.4001262940893646;0.3927307432714162;2.6884687847034425;0.20938871785062405;15.87586492618978;112.2661100318638;0.9918164918822774;3.9533759892275424;0.4760126048143829;10.95762357882607;7
12.871531542468878;0.5921224806886602;0.5533711897497718;10.169637223636178;0.2759212653214457;33.32834123641075;146.86510750075166;0.993681763519275;3.2653288386536556;1.383360846728082;14.671350315569612;6
11.364840871426512;0.4509183472514025;0.50313247255154;2.708151989904935;0.5253131277917634;65.49906589893081;103.10169114601366;1.0014460443601916;3.949574282336889;1.1718051612229476;12.115935119645261;7
6.363010636999532;0.6382946065146284;0.19386306793689267;1.929820308857166;0.42184123603790347;8.418102489531023;74.45933364346746;0.9945249863117424;3.786222971602493;1.2095712294070065;14.495619597982135;6
6.362738079799089;0.2213588104092963;0.8588167711681547;14.177670753813796;0.5405822736172015;52.139022600265086;118.77607415152643;0.9967173793283928;3.3509349318949244;1.8776104516639816;8.449344205130442;7
5.256344817500653;0.8778272947260747;0.6769407829968374;3.6758799882531026;0.1339031538908;49.79709331333207;11.425933742221202;1.0028883313646864;3.5960132474901885;0.3827970688229743;12.122358790742286;5
14.387790447256767;0.21871434284463376;0.8379083748518036;12.890252256571683;0.5351433095870214;7.798548105098394;224.61689044525684;0.9931637705899592;3.292429907546488;1.6215650151300498;13.061714783214263;8
11.39259963269826;1.2885205014206478;0.8587642793494722;8.851610718164183;0.047797602232852274;66.5026407483118;54.37740487962678;0.9953767063564161;3.4495787284299415;0.41692750527340294;13.243021112554418;4
12.601220129095314;0.4612196395892322;0.7483558536657398;2.036705186288036;0.5442709689818543;41.36152635313419;18.42500565747034;0.9983299549029031;2.8137188480135;0.39371652191207995;14.28234973158093;7
4.832604785542567;0.9084173953225855;0.43921060124971734;14.849543594995785;0.20911519389697603;26.824512000633582;190.99673009213743;1.000357716219844;3.624254613631677;1.0477955558961078;8.428610458524611;5
15.559981329430537;1.404915467839729;0.6105467550154245;4.505633038081631;0.20043799241502583;54.71423942816677;225.02392445709924;1.002350519127027;2.807087298494854;0.4353355411527544;8.402146035186597;4
14.006601841044766;1.0702809588089035;0.16036540611974315;13.450822042148054;0.3187410574424997;19.27294754651602;236.31364424077464;1.0025387420907512;3.7776978825879546;1.6478703986591632;11.4697124951689;5
6.999431950664521;0.8981183683649495;0.6736454174749077;3.364626084454637;0.5754734224462158;50.23919843028875;145.66309869294977;1.000647837812955;3.787682600414908;1.214370366392723;8.59040908253491;5
6.654622129440236;0.5935272795484483;0.17925325573928075;13.367566079271052;0.04062103744416182;3.819495737629553;64.11919626726583;0.9931798659944009;3.041088155196393;0.37849476704182333;14.734461598805435;6
6.672470961343802;0.606182793064969;0.6939495905101568;1.0931406684172922;0.22298635406737644;60.597970670258306;214.63543266170097;0.9904079030751798;3.1510517319154663;0.3976361464248056;9.843423634519048;6
8.037937345442776;1.0974509545893576;0.22959816075396866;8.371994665914418;0.5250866212213181;32.82013013851361;204.01880083467742;0.9952970009314436;3.351264180769032;1.3531564446649307;11.472320740871492;4
10.529747677444288;1.5714434673829047;0.11755130015021997;12.133861659554729;0.24923663198384458;46.205196919413865;75.69461775119802;0.9919978953504541;3.4977618918042515;1.6762067354895362;8.797394595079453;3
9.480978710655908;1.0862852171800927;0.16528449014295743;14.548014555394637;0.13129498166064313;16.70788520627454;261.6643949091704;0.9997454797581096;3.104939150412336;1.0611252172288719;11.79331470511318;5
7.890889284237874;0.9343637893602363;0.001992135219070268;14.174351188614711;0.26645171461751566;49.072233598749804;35.5371226374406;0.9990745985925662;3.492457733882545;1.2561497214644928;10.869714813458156;5
11.513937710362889;1.1867497449492994;0.7187396178535302;12.866523095395616;0.24294594839350991;55.82905958842264;284.1007718043452;0.9906688937588842;3.1181895830012096;1.6657151882633356;8.690290187701954;5
6.176280625368072;0.7992001939342285;0.7324010490583791;13.86759370505504;0.5603343046785554;34.59813626879231;249.4501305066225;1.0014644072717636;2.8104732157602474;1.349545310649838;10.578307733525461;6
7.901234528447965;0.2078078201971464;0.5149333499132595;3.8086074132213166;0.46839869107011517;44.8586116083874;200.67531667057827;0.9934578832868859;2.7432099882865244;0.7053495968902286;10.944334131448562;8
8.739888829218717;0.9409533511817483;0.1613628010553837;5.04909071739124;0.3145642178906598;33.3991405913903;271.6662183831927;0.995956932768188;2.8684618435564047;1.3537968832020293;14.83448969328711;5
9.753590821652505;1.5181329153778549;0.08355433751068975;5.118940463847455;0.6040339694662211;64.48048721730703;210.4140606356093;0.9991672574769072;3.7461583892083032;1.3792266966389066;9.75125816747594;3
13.472488363741054;0.3759422958421831;0.01912896643728701;6.404987392624803;0.29070124123427804;36.34871181651666;59.899330159502995;0.9959186838769277;3.961017766726838;1.5559586580714817;11.941067499905648;7
6.856313738389465;1.127407140598172;0.1657481769652207;6.642481787623756;0.04688446066134486;60.76841834104614;131.13018708592574;0.9960803398741352;3.2822470730871487;1.3668598932198581;14.817551069791087;5
10.410849154073812;0.41336318544222245;0.8908555349831467;8.850507739958262;0.16910231876717596;57.89599613718765;26.235355885852805;0.9909638532964727;3.391108620881427;1.9486343578649234;13.54812485161088;7
11.29428462814108;0.9023084193306986;0.24153684170168177;3.234244545150044;0.27320621765136827;30.145842315733315;116.27305050753665;0.9955376611409212;2.9264971747232513;0.6594714755575044;14.856888755733578;6
5.124889663735974;0.26114761648421064;0.35427132721721566;10.992201291275444;0.10598467186352593;17.335998921880726;215.87365458563005;1.000487228305656;3.4398098179037992;1.9183214348770175;14.6939390452911;7
11.465256826486254;0.7775415669369503;0.10534548448133318;3.346471473845795;0.5795915106681018;29.83183141174374;115.36346831342132;1.0025347017124815;2.923711725548861;1.2290269488845271;11.582007023612004;6
6.526922597666394;1.223998460187059;0.22236130474817029;5.430503838726394;0.4713424897928461;59.66143368004063;99.47325165748195;0.9957018310068031;3.5162422006225142;1.4521667546265031;12.926443024158678;4
5.3350830007336585;0.6274544253889138;0.5192245707802051;8.24883890684985;0.17270403305623583;17.161910043176857;174.48566947041826;0.995839238962093;3.925238507827684;0.49610086774515705;9.117880325117483;6
15.322406570962666;1.0907711177513382;0.6077526830956526;12.52803219824277;0.3658919155772316;38.2349805559002;252.8338817066873;0.9996397811881281;2.9885371449148606;0.9655618221014388;11.267467362804211;5
15.51164197374252;1.2813569427530047;0.24535231416621106;11.696250805285418;0.44414804510863365;58.23286910521307;19.466043490549815;1.0029105546550539;3.7109959219325193;1.6148631745934983;13.658620524733534;5
13.734890033716011;1.473679616440001;0.05773215922511721;10.324801603593626;0.575826078415172;26.096900734114893;115.08813302002513;0.9937073700060601;2.769848076979272;1.510541395215314;11.684679586351432;4
8.042135591659088;0.4625774395089622;0.39103286912739865;3.1742896044704842;0.540099574156071;46.59688422719152;50.78212993371935;0.9960647640930467;3.2168814964784587;0.397032778236235;12.967543713312008;7
5.703694888272137;0.7030012370815899;0.23420337092633414;8.886862045987435;0.32060014345679;18.43984175746583;202.7852529571191;1.0009111555771824;2.8806506049447465;1.2428124200403985;13.2473836448978;6
12.331833199587372;0.3425273794624094;0.21955392322980194;2.1767189262783275;0.4760169192560175;8.758840621139354;35.92005060201117;0.9983740264148744;3.1876438108265384;0.47742458225724377;10.04754941807881;6
9.573723179257495;1.5690259131512279;0.9598628027134553;6.409502381231102;0.3487247075427234;57.4012799815928;194.1405956782092;0.991576186004789;2.960391887941382;1.993080236727531;14.092045924126676;4
5.979032053746001;1.4734214131694712;0.6163004859257241;6.937341342233404;0.34306963013727854;8.026772262018184;86.98918643580777;0.9986197198583581;3.2140973374560673;1.828485302850602;11.388845800909664;4
10.195499084257353;0.908337410209617;0.5568784431720959;1.4812470159080058;0.08073043304457694;20.268079050650506;62.293458287634586;0.9926134843962156;3.2702539637565637;0.3652047029156567;9.766203173540035;6
4.9885902886019675;1.349368609789575;0.4157751035233219;4.9002262522615885;0.08755645715167508;61.71276896181825;270.98777386447085;0.9970191410221478;3.1217507259317663;1.7639447967673936;14.025203231624886;4
14.875320543490238;0.8805986468171816;0.42894433343014426;14.852482222090744;0.329190635398452;25.59931938258537;11.24245521910551;0.9972763865055352;3.573909875830874;1.8654474329325408;11.11582223969065;5
7.524213792080191;1.0304351044840292;0.5409050038380808;14.823036074313467;0.17304806544242496;70.08621981550544;129.890967944748;1.0020038897935042;3.906942105098815;0.92042553168097;13.27703084946818;5
12.086501813199996;0.25012167088938425;0.6964298070361072;6.043974992087074;0.024601104573820712;70.56113776894404;12.120438866687639;0.9963691720120494;3.248756125113696;1.5315677639297691;11.962214969440353;7
8.122335159810344;1.2226948139253397;0.7021460961818294;1.5292615906455311;0.44498068313622713;20.047597452202524;142.8568326135251;0.9938760057908529;2.9842758087232775;1.0683132561669908;10.882166389524253;4
10.476768639309263;0.30646168610744284;0.17169390770544957;3.5147861141914505;0.03145947141740881;3.909453779742222;147.79640791582037;0.9932157616627023;3.083817902908899;1.4242382492424948;13.6641966977507;7
10.77782615657906;1.3260587401686914;0.500112752076627;6.6263797841296865;0.36857082782132866;51.05949317858192;97.0304794047134;1.0019773105604406;3.8245810458403886;0.8983300651779798;12.199054555689985;4
6.688855347438455;1.2617610079987633;0.41195809503410197;14.737583590350756;0.33497708268226134;33.02004168803241;43.4017830395817;0.9923991678371763;3.465982448553088;0.8686739251775581;10.938653665775707;4
15.556306293739512;1.1547672587047457;0.8705269662693842;2.9615063276429;0.5923199996561048;8.153451921129918;112.51767317885651;0.9958703297992284;3.317864011029836;1.0388045943921569;9.112386157178326;5
13.359000903980595;0.17279415556615269;0.6314189212183764;12.0473313175559;0.30204367046923736;51.23412014744104;196.25041200091619;0.992619297825305;2.930038636316337;0.5730981569496769;14.220394539483602;8
15.216338039675337;0.5625673996801798;0.5325040664159818;2.486765074870504;0.050097260390300616;3.2134185469464067;227.41801384638194;1.0006024010263577;3.311153681571203;1.7180020706070889;8.630552304720833;6
14.711549059832432;0.5041443520698305;0.11539464217891737;15.226360629912643;0.34246109271607056;62.78396502494919;156.20242047584426;0.9965309553564543;3.093684844263881;0.9123254852539331;14.010717764392366;6
11.356269760565262;0.6457991549084179;0.6056378893234114;6.471600886993371;0.5158166061990448;10.844329567044564;172.92313362645083;0.9948525770653838;3.9378171723737534;0.9982497550227614;10.73974991174051;6
15.01717885576122;0.24795841027520427;0.11720390568023342;12.218424267926219;0.6091127212845825;10.039143391017475;62.77443302827671;0.9949881771053325;3.8627690389579783;1.8230712032125815;12.555701962759137;7
5.59996527318669;1.4879584216253514;0.33720657556575206;5.901829809042525;0.2697755610397544;13.4727331557695;87.31448430342479;1.001677157495567;2.8465562281218117;1.159361769485496;14.394298204931955;4
6.81460634533634;0.9285512714400693;0.14284196481433187;10.063965606518607;0.20385894675554878;69.17891145293673;51.81645764481743;0.9976124012574903;3.3961499313617782;1.2389040286159412;9.38609300077534;5
5.11106836468908;0.5660654935607143;0.6920736470243689;3.703434837204536;0.5550853248742473;50.21502457802307;76.55058405130501;0.9998473601324078;3.025824098803634;1.9273518683777544;12.085178091652267;6
8.276232737624888;0.6995930149284538;0.2062521138361526;3.031906881735653;0.1265540353165967;57.897379017918205;69.6429588038255;1.0022876645913343;3.261686903695849;1.810833059852132;13.368813605406249;6
8.992053373491146;0.77291570913706;0.391859373188026;14.595736437694717;0.38064192010472303;29.232083987025465;153.00400654872024;1.0023517216276736;3.8535969577793496;0.613009403843694;13.324294912673874;6
7.666244059045024;0.9968677267065013;0.8956747776187787;14.297650257404728;0.2550229400843877;24.878203652851845;165.24091788877644;0.9945442933200817;3.409943440258452;1.1202690999632354;11.816607444896777;5
13.964733853416801;0.8728919644368868;0.2043163833989703;13.857046527108082;0.03660833660837762;17.648364481605064;273.4201200924858;1.0030423862040538;3.164453422580865;1.952064699805671;12.460806489391977;5
8.63131259163756;1.462312280893049;0.5078050639587791;10.031328372432265;0.22002579610911296;35.126010010181034;61.34649312973102;0.9904088095130389;3.0040182097133465;0.9518517180417665;13.323925461863489;4
7.774559959467402;0.8455666850425122;0.419271661166022;12.700715883757661;0.17087188497910208;40.17984008092596;187.59422597570335;0.9952025003410402;3.7564125714462415;0.950527091222054;13.866679645423176;6
10.732465739688209;1.5685507016420366;0.018124041045729733;1.9079392789060736;0.42296860121214863;45.85601389934563;237.28437312346898;1.0022707804392703;3.533137879512721;0.6557004870878878;13.351785129693114;4
6.1924437422148175;1.3630804383078399;0.7927581135728128;5.787920011603916;0.580325508117459;19.25541378390731;164.54833425060386;0.9938105543031073;3.3344431347413135;0.5209196005789392;10.701032130678078;4
13.664825882520649;0.42442535096171025;0.06904590631459973;5.480065621454481;0.17256026523980403;68.35443974411234;78.16603365780442;0.9937893693533764;3.016205129405982;1.5663090005624896;14.878721606875267;7
5.44242227358141;1.478669013380118;0.4742550209769536;10.180421700508154;0.4980680975518574;13.052853372706645;80.30171509566006;0.9941917155228153;3.164492895179557;1.6159508827315325;11.22426750917548;4
15.751822383585846;0.2898949409127951;0.5606782949389499;6.0969834926713515;0.0451605303461073;69.56137540841527;17.108614019092975;0.998409708301615;3.959001151957918;1.94825164905001;8.559020567933068;7
13.326365893052229;1.3134765743971397;0.6284264566145871;3.0681990119977396;0.3343344850138481;2.054784698032769;92.44071611322032;0.9960400924038675;3.4005142207594097;1.6216084122119563;10.757010185305504;4
6.845487201336148;0.6757100084758069;0.6886316293078756;9.608419301037738;0.05425948816222685;35.15992411899604;216.72284115795657;0.9999681284711325;3.248888087178931;0.7363986650361098;9.23058920472998;6
4.662399923496706;1.4018425078498016;0.2532723835227151;12.79000524176859;0.571485761687253;24.66911650627596;19.447525289612237;1.0022586829517308;3.4022059937823714;0.39699468574182084;9.189377002234437;4
13.814714141539627;1.3873627675568776;0.009978776658449373;6.479003019115608;0.47104441705387673;32.88776238904781;68.06056494886707;0.9992525954867217;3.729315402492503;1.9756804318973327;10.229977760694814;4
12.587487985478074;1.2966510841717267;0.723443662354912;2.831123240437833;0.4061119968115508;41.517185107636024;205.86379708449428;0.992854836729091;3.1719383493586433;0.8985526615578217;8.746940712152195;4
12.837780998863156;1.2734444370083096;0.5356565993475786;3.7716476807672166;0.5055139325931739;31.926830218902342;227.49039227887408;1.00277312751015;2.9669567735844136;0.8509924758621426;12.87532922466216;4
13.315354917551186;0.5648315430831395;0.8361177032072488;4.3672562554730066;0.3998643575465277;30.454126371413242;134.85511004752573;0.9936723929349927;3.4828688702905906;1.8429452002814688;8.880927747312384;6
5.436704564595221;0.23814215325482818;0.8213883629006943;5.278504857720229;0.5923976939074004;53.02336249434477;203.55503778945763;0.9921115603023695;3.5848092114209553;1.3071168305701268;9.721382110333716;7
8.65066273255028;0.7083510609971357;0.8433261677878832;10.284808029392114;0.4396608107709981;49.69721553113899;115.79046372933443;0.9912953543380862;3.645151863757358;0.6888348603280547;9.003848144211776;6
5.909320372633966;0.37334579188030265;0.48509465997954015;9.673804074250699;0.5658705071397658;60.1622610245452;51.255448341828085;0.9977432865478731;3.8601242402729845;1.81479072533612;8.810590250869703;7
14.353068712394206;1.134628589797594;0.33362839583686565;11.062765978878772;0.32176200331437216;18.747087668004184;118.67630666698254;0.9916194447389864;3.2113911332751734;1.9889126279414213;10.140385826007021;5
11.643268833151405;0.6253056007451668;0.79155820259137;6.192528974160092;0.08212158337613572;44.27652419253852;170.13089311748942;0.991960127541614;2.835700718210693;0.47475319712188735;12.117343289792405;6
8.339147680834936;1.5443908932554757;0.45129411302925493;12.930365717447684;0.3283784551323872;42.54882976289262;274.29907876436795;0.9941564151457106;3.9571027012112965;1.7699602192651538;14.670456116904472;4
5.318209358232067;1.0558192329241847;0.1834421964034345;3.8796798528740997;0.08799682400979288;27.2513845719609;25.456519441095683;0.9939061139919024;3.2924651478455935;0.982161215132938;14.091118253272441;5
8.114100235386983;1.3208216229061671;0.8549740195614743;7.747994913765048;0.3669035940266666;35.51008547509034;149.59252855812386;0.9982997421307238;3.5315370372848767;1.2052009856661963;14.09357051539461;4
8.274571538902242;0.3134860222030987;0.8825598767723473;12.593705334504882;0.3010133432560701;23.27853217470674;99.084297233635;1.001194070706418;3.586207760372931;1.8577426795275178;9.544435734244775;7
12.844549815220125;1.3785411441180289;0.4663097561401701;3.5303162568962407;0.3849226633018362;11.070952230805949;149.85220948030457;1.0004395823174834;3.434072410050528;1.9555432569444458;10.121896757735831;4
11.804399426313909;1.4672254981495558;0.07569972730978747;2.504001460615431;0.018018141651844125;16.179885957054033;12.785051607558465;0.9936450382732384;3.000677062765063;0.767813730382695;8.896556559169488;3
14.62550399111249;0.8311104014756464;0.38782608991693124;13.80178592824465;0.1287094545015631;8.491468894485276;94.58617538054752;0.993411128982569;3.6990316736474993;0.6854607875030561;13.460044209448704;6
9.936028654330027;1.005129289116427;0.8035376594626034;5.90677307628426;0.3063069287153664;49.497939838498816;238.02268575014241;1.003224080640057;3.7607650073661834;0.46446265284782484;8.853805959656153;5
5.951414979102809;1.2366223093183732;0.9017740285462287;10.884503823671867;0.5813516333918918;47.91164491074976;162.7655106808624;0.9901821776104826;3.4422789942421486;1.2682024139457704;12.018521860335547;4
12.659666095619844;0.3752643958002023;0.20347274249759584;1.2700896222535019;0.2417818151727399;68.49305238217097;133.51484546696122;1.0020517936602802;3.360472673942749;0.35271934040261604;10.01119122010568;7
13.196871049370941;0.8537464716366259;0.06697361202527152;10.974684570777965;0.26619884360612717;52.80716736895413;86.8035952954411;0.9927903024304472;2.8847014925725416;1.017870157008594;9.98239662118684;5
10.942432332535308;0.7020480205475771;0.8773504531328387;5.5150791485857695;0.4401029573149667;4.695254551685332;90.34603394995372;1.0029720124804826;2.8466186101047257;0.45255130780885433;14.839712859109433;6
13.31192913348654;0.3337060285568837;0.3894049389788753;1.7138164623766494;0.3736718616143847;63.781407348955746;114.41770570613541;0.9947322252193508;3.171247353865682;1.0067270574919878;13.319068745360493;7
10.179890238917615;0.6566002565456359;0.5417609642675633;9.803266318602509;0.1910567639089016;62.24993656914653;242.4665109199706;0.9960675911604261;3.1347746175070896;0.3966867560735675;13.840105828891826;6
10.506880972016532;0.21953157170282062;0.9680658120507589;4.41573571466833;0.2580790209448892;32.4757427748616;279.72133752673994;0.9997009827619224;3.9511436927233543;1.7248128252166441;12.117887454736083;7
9.431213507451611;0.157685384146251;0.06656472791422285;6.547385733957448;0.14240217951548226;42.59627658748243;130.139472922156;0.9980740524810658;3.7352008829031558;0.6802641198774051;14.061592868059371;7
4.887236132208275;0.3173427821660412;0.6483180074520956;2.0764798593830984;0.5906468540189949;70.30156160554884;117.3188533656166;0.9944003336706069;3.5781038549790063;0.878275546297713;12.595688504581293;7
5.81917312502434;1.5261480629201936;0.07410542257486707;3.0485834659862014;0.09024999455285848;38.793609833219804;245.57386955702117;0.9976131770741198;3.397413073052358;1.7829801543326744;14.550129081176244;4
4.955149798260097;0.9223131224067247;0.3754689284665004;5.25046763823932;0.23473023395528525;65.27784981470238;126.81420574007392;1.0000222277650226;2.952556764022847;1.5762643224247825;10.22870080929664;5
11.79143764728072;1.5301003552837011;0.8038145451934468;2.210488708178294;0.027477544359786703;6.895751804523237;162.22114275966928;0.990646601963192;3.9826399736740403;0.6957940639422376;12.269577047588818;4
8.152222586162491;0.7514469023619926;0.4334722327556344;14.198063464420203;0.1448459156681943;14.564682678316482;71.35649108144467;0.9902225345375827;3.2163016867650667;0.4500720291580184;12.8858537615898;6
10.346848810161141;0.5752515543044789;0.9971823539029504;0.9882868304860849;0.4795022118897128;32.293600984333565;216.4112176254783;0.9963088717101728;2.8757955151080012;1.525175207348417;10.954092482680743;6
14.855501155364852;0.8589671197467563;0.5590592849466022;7.964359195418947;0.1325039641410388;42.51773339194863;156.55269407063128;0.9918656147344839;3.3671245975589974;0.9824732596491426;14.118101885626347;5
7.417002189382287;0.7616870654040487;0.3211621526359535;2.6994128887352513;0.05995797811485039;58.95217748225882;234.9567777180167;0.9991183692497494;3.8499774747486155;1.6093535985274294;14.768720560177004;6
9.237327030302616;0.2742704390221461;0.22011132590475313;5.392114706378049;0.2961974547268694;71.16661017516627;226.94736259811353;0.9929853944538176;3.8668595722572086;1.0736422698666015;11.6095016939223;7
13.13772786553645;1.055606419447701;0.3505205342861618;14.420469573346676;0.01797157160597658;28.608456249662268;66.84634942041808;0.995965432074557;2.7539267133916883;0.9078240296637017;10.939164256228205;5
7.185419270055334;0.43541574646401543;0.3725332737595508;3.260740477800208;0.06277492650137356;4.36651016594603;208.52486080784675;0.9927622781602276;3.8655955958342774;1.0835130317147021;11.467596535616982;7
5.46987298106536;1.024598414150831;0.06871367772396098;15.001151867887657;0.49576789586822206;57.883176733968064;232.41539745023812;0.997540346437903;3.08478495622482;1.58009350607003;13.942788847257557;5
7.874191417925578;1.0692935949013038;0.36957419942677316;3.904597904045557;0.4741125335709042;43.91103105487937;103.94834914141781;0.9916506481168178;2.7894949022398974;1.8367078785224247;12.595544765868091;5
6.42180054597025;0.3419562855678262;0.4642385197392249;11.726865183615711;0.5601681534225327;15.096542979642319;54.8483789513437;0.9903847153349655;3.8166936433608503;0.4131112183029212;8.691020421367618;7
15.105583471471077;0.2095704555815755;0.7227377522388047;8.88148806750075;0.523854746110539;36.13282042012083;6.744900029023455;0.9907664129110132;3.837110780105024;1.205266273849015;11.924104417897148;8
13.731760289077911;1.2599119156599219;0.656729484721608;13.813389422912683;0.421222162380651;53.70402743289443;133.60573382536091;1.0030669999734385;3.4972134713997844;0.3848351665700756;8.512450797816305;4
11.757462448567786;0.7913086187032075;0.7087656552291542;8.988301530345712;0.04334738152309704;55.69923688187371;105.73846302549217;0.9920079382974809;3.4695308717663753;1.112243940190679;13.460479911522135;6
14.44750466912121;0.20491914143799467;0.008363681876857099;8.704564599682106;0.4809263221740078;36.472907251912105;163.03948297259072;0.9997194738077236;3.7726627462292024;1.8084223245918236;10.534029778026014;7
13.681494468959993;1.57250482306786;0.21766739958053605;3.753686805378638;0.5184609756934957;22.670231639148998;59.215629202626374;0.9909951549015149;3.7386131319420555;0.9338557449219171;11.468048633762642;3
6.708241665412205;0.2043596190546953;0.6616842883998565;3.326948685954217;0.4906502053174007;70.13572332473304;249.28534998961248;0.9915431439974431;3.870433951272234;1.8871922032046742;13.59140768839961;8
14.68591668293675;1.1347514341334874;0.48398936817974714;14.280741606286508;0.3165789421495076;48.098745377910994;78.94472602275503;0.9970008945441952;3.4419892584478133;1.3831161476565177;8.70191731235745;4
10.694567333646853;1.5561712308845839;0.005313475668345946;5.686437703210498;0.1515082013510395;29.98486387358721;70.07957823980495;0.9964015420687021;3.9689118077706667;1.8900394241343206;9.43051998134547;3
13.724073753353906;0.4692029521552514;0.8044946424318223;6.332400922458281;0.5183526554375473;20.91288891853032;142.04207798507272;1.003030523814571;4.00510647528534;1.5944682644389079;10.986742446893247;7
14.725831689135473;0.32768407828330637;0.7728095732903374;11.99342541305447;0.4475705230343429;52.90831179325291;147.1748397196296;1.0029386588701423;2.8880116546982637;0.502736728303433;9.894513563046145;7
8.193439267182061;0.2972220115567462;0.5484191629935626;5.846822843372988;0.5994759434589221;18.195024637157506;66.86911974618127;1.0006882697114283;3.8189205746337347;0.7160227838296707;10.59635926753791;7
5.843586747162747;0.5627817154486895;0.06646332577627212;14.80011172092944;0.10525986605580381;13.19140921713186;82.93658566343416;0.9982706269263345;3.374774267340708;0.9882646591544553;14.888135796301023;6
7.175667336723941;0.26752688407554415;0.7665150495325846;11.673745427382485;0.14717308524818098;38.61820611630699;54.02658268093432;0.9962665595228928;3.232209249640787;0.614078492960167;13.76519384422977;7
9.426318011476695;1.1305555588734326;0.583713587731364;9.622466941571933;0.13886709177902012;21.589104877734073;209.3242304654562;0.9949211516375531;3.518601833551048;1.156502379977023;14.145361797240707;5
13.843566854924173;0.21094602526989154;0.7819599771579592;13.761069343953386;0.48673132080518067;45.65226528957667;223.93519584490517;1.002969332389807;2.8110762577227493;1.1171848200214893;14.49085511817754;7
14.32625559079668;0.863756307098693;0.7517469923958404;1.624246261902448;0.12395747057362078;9.373645916070577;136.838964780977;0.9982816180116042;3.3832056208341914;1.9269528607057267;10.616083222042272;5
4.678559075002455;1.5751774066253459;0.8030020719578371;4.653115305962448;0.051929238064160346;47.500818424279835;208.08662741985995;0.9979569678270832;3.8460310239338664;1.0543255644362828;10.331000225677073;3
10.371444519126491;1.3083965934787876;0.5180080664046248;7.689530479625286;0.6101379231447915;21.11405348783686;214.26971591829707;0.9932284932784926;3.0110961254964903;1.6419967631609564;9.921406201718487;4
9.316744335581202;1.0182203798172758;0.140324518193515;4.213886676284207;0.02686550965564434;1.017248344850404;45.13197433281983;0.9907060242795952;3.28151516635717;1.9029906099019713;13.795759923502796;5
7.109818258319251;0.5671302863484531;0.6711574733796887;11.76101573461142;0.5123111920351605;10.012460094866523;279.4283810281739;1.002943468456325;3.933140727397892;1.7945713477265557;12.817087104853702;6
5.954478650870615;1.0308879209857922;0.6204737850519706;14.320437253384387;0.23085473808884102;67.28669182629167;238.35204102829;0.9943430742254642;3.2842760740132357;0.6784749329343583;9.935117886138702;5
8.415051436860995;0.8894805373110114;0.7422531871990872;7.087043750991482;0.5161276603949313;62.58217937719041;63.86881951841805;0.9960980624976791;3.195126893062146;1.1583699234034188;10.850459889867956;5
15.254879654211466;0.7420817404799424;0.1698810060507353;5.895135961633667;0.34421767423547583;17.586241274572817;58.68470511613788;0.9916313960316373;3.2994815431166904;0.9107254364341959;11.693626465563188;6
8.252193131834535;0.31083715004069123;0.19497519990028922;14.938640689208468;0.5520771064623297;56.26440522272988;41.56210419902192;1.0014689093733646;3.3997050134772966;0.9977640208791498;11.8329103722794;7
10.462334025700038;1.4144421542510814;0.8904095172193285;7.3948455192820965;0.5667895988623614;44.20858311535217;45.1611331993629;0.9904463455634978;3.5426290070469655;0.9325473998304046;14.176730235586145;4
12.54411423551551;0.7766855872791308;0.7499777984520708;8.040106646559535;0.01744981058718482;69.93423451294073;217.72978912512102;1.0014289541797896;3.7568798571642485;1.7100198809922569;10.873679864156905;6
8.709014506886021;0.404148867258317;0.9082284887003229;6.034088136191818;0.05717189341968017;27.526001826918197;138.91215471730948;0.9919806818741721;3.3141698013206793;1.0850722220544873;14.30540619825333;7
15.581137534746857;0.6569286522808429;0.7587153211639207;14.179407705977221;0.16196487901294243;49.38370348871916;227.57037088538243;1.0021450032140362;3.778200787564478;1.2045695348486292;11.268889142078633;6
15.475654432845857;0.7246294386922334;0.5971553059903019;9.206750055915021;0.4129199344017375;5.511036292098219;217.19013510110813;1.0000095033205185;3.4178252399171423;1.9706870862686146;13.251422386150299;6
7.445139942826614;1.3282053275276366;0.6541327370278737;12.027748972852011;0.5440750457103921;29.133561623964823;177.10539792197773;0.9923128089753495;3.1698702481673315;0.43016538455983244;14.446653079902864;4
10.218908116583956;1.191076995619647;0.88912792394001;12.75237808792294;0.28750522882508367;69.43105394436081;200.2417496617663;0.997776441062746;3.575597551711656;1.1448892584505506;14.299242075761232;5
7.999924900929497;1.2431851447163562;0.5788067545119405;5.8909960119919695;0.375576896648285;39.267642085958556;11.194669999297126;0.994328379001518;3.651507263524234;1.6226830506000138;8.770193637421928;4
7.818697586465384;0.13610564606582493;0.6323913243283874;7.231937237277549;0.12491141182454112;21.439444736773964;94.23307404582121;0.9924975348071757;3.448722199049449;0.5824404701743383;9.737077917347705;7
5.01682250510622;0.7275848373424518;0.15647671600360058;13.287687906331463;0.4941751334951295;9.539238382131087;186.50367673041308;1.0017720615559793;2.811901015881099;1.3512577630066724;11.499885265959788;6
11.488076973972834;0.8227624613875725;0.4739212201161027;6.20352813446683;0.5914295387007283;50.95051215288866;8.644621836607108;0.9955659800798284;2.955751251454248;0.7299061818225595;11.205102884695197;5
10.280272962486134;0.14802072416166276;0.716397111958099;12.49145294839703;0.1728907608158439;46.7847790835106;15.332475062173934;0.9954981653896565;3.10232810553059;1.7785648690850278;12.565795821441846;8
5.181709889124879;0.49932728476774996;0.2709426983163654;14.638487909586782;0.3084007450087273;27.549648665868;247.08429903911846;0.9923838565108661;3.098934519558396;0.8762564412181324;14.54060883036518;7
7.7487050458737095;1.2300231417583172;0.20225418052453492;9.998871446792903;0.0635835501933179;68.51683598247423;199.57903585885632;0.9952873545082883;3.5952444163135255;0.8795349042245189;9.130630623306669;4
14.863404511423187;0.3201801703643386;0.31382680822441555;11.727758396797578;0.34692285722131805;2.5763997221373724;81.09963447305734;1.0019414214469988;2.763302800325514;1.3289837771248822;11.337081323372564;7
7.3070493645367876;0.9015527919207837;0.24150062799283345;12.654420755800569;0.31316728166616165;22.56439346585963;200.69348375359465;0.9950158130368688;3.6997158568528903;0.6365500565602475;9.650671746266406;5
6.237312054630821;0.43419473314516677;0.21491263703639585;13.23757887389098;0.09851745400889148;66.39593352727027;230.2652373664115;1.0030308405212471;3.0769849430048053;0.8057640269681119;14.21169938958666;7
10.130816191136462;0.13769633098008416;0.42485084286808694;6.6677787327092215;0.27679766165772696;23.78641612068027;92.82278212015866;1.0029587272072182;3.13372774469445;1.0257751896994172;14.669771207710744;8
15.737850131449788;0.4721541280953305;0.9078385138835341;1.6484465039695733;0.2121286865998514;18.909951203717096;16.198577832270047;0.992043519739766;3.4104454814887837;0.9205752314439843;11.511560932287276;7
7.335224568079955;1.5447756821686784;0.5070596467387183;6.767393560056397;0.32457669430780844;38.92964910511856;269.97649228662885;0.9924849792729784;3.0142255131924762;1.2065449540693225;9.076066935232916;4
12.195131685686427;1.2902441833491647;0.18792038081532303;10.736840954847711;0.3628069469218507;59.48992424435819;103.68589423766343;1.0018196208379202;3.86327856824092;1.3313990405951737;13.504415333697377;4
13.206301653214508;1.5209819007087089;0.07697166938087407;7.475115632399575;0.017088851585718497;8.323420022363635;36.1343390095719;0.9954194037157547;2.848418349744738;1.2763346477627748;12.931418778200594;4
7.285304247114116;0.8322669041324892;0.6961561451379252;11.834862002561819;0.4678425837867837;67.95447038484727;145.19549460426072;0.9901295736386946;3.3043656001223525;1.4224610810265268;10.705360372967018;5
12.828844739314013;0.28021485006915514;0.38279876443638783;6.111943470242493;0.43909556082518275;57.450174563862646;223.47638617294987;0.9938001341843872;3.81876628220771;0.8439416927350598;14.168148580798263;8
8.755949399727562;0.9200208539015917;0.8218309465853593;10.167264460118831;0.2314055453377068;13.868768144160187;68.72619003676924;0.9982097068873235;3.522121745914969;0.5411317993488969;14.742907283587597;5
11.745055885707448;0.7833909084575429;0.6595107686407702;3.621729150868029;0.04370862540572214;51.55256524506955;82.26568418774183;1.0009560024563748;3.1112584851201444;1.6005485941898987;12.02605001934627;6
11.75888573159811;1.3527613407998391;0.7962414505413685;11.84079377501637;0.46420459133124514;28.332069307266558;74.68834126399904;0.9918867529648102;3.274365463876105;1.7508032389932389;12.077231423737901;4
10.65425393004477;0.26320056794499713;0.27194603941844875;8.867161144670177;0.5841499211264013;29.56292214341863;286.6434739513649;0.9915755733833559;3.6375018630349936;0.7592004078114618;10.333837783239556;7
5.620274401614814;0.8328320600517961;0.6923589224610581;3.8793400727803684;0.1558508060171865;56.61359656315951;61.86525664574354;1.0026289019416552;3.976041144072152;1.009843566783893;12.199289233891543;6
14.03891820015839;0.339071050453217;0.2640619846937188;5.1619031330679865;0.2057912436284857;69.35772136663198;168.8722214014131;1.0003006407697435;3.8742861723418804;1.1626105923291372;11.257675083411502;7
8.224814734180615;0.5940268532594876;0.9390684794502916;11.829687145294752;0.12210392079960715;9.992566972150769;267.8498935889209;0.9981027981625974;3.1748896666456186;1.2206558273974037;10.364241675032337;6
6.707659167518353;1.1965413329861874;0.6363742815333744;7.945978040658202;0.357584737883559;30.864746818396178;47.57172899241153;1.0005463240797445;4.007711306695579;1.4313485857163786;8.83670377740536;4
5.060759099568832;0.8149864688783991;0.3245118001753421;4.054059029738855;0.1047499953938255;35.14685417398555;280.75173799655914;0.9959109964009965;2.744450922684444;0.3994773997033867;10.042601088109311;6
11.277090258027133;0.6687968963128232;0.26951186229227264;15.022159379406345;0.2253601721333663;27.71813900380483;274.1360573339618;1.0004001672783502;2.7750897898766875;1.5348667281658084;9.68605522290482;6
12.256477288817791;0.6959353667122515;0.1909265850716435;11.340825289326563;0.4295107953466235;26.786427783851977;256.3338723374883;0.9951339567411591;3.786277454267416;0.4334915816556152;11.923272899600668;6
4.787442466884774;0.7907922818727404;0.6946409588937278;14.874168555081024;0.34750947382259967;4.711075396873355;66.71949553639064;0.9933945680773493;2.993317612277976;1.1120419080136894;12.31085514146336;6
10.386651558781875;1.266124154002103;0.2187156129979273;7.1357336622610115;0.24349107603243322;49.673242059946254;185.4375808511083;0.9999991627980103;2.817176970863226;1.7122107964005542;12.355716207989108;4
7.159402259736699;1.4224436458527423;0.5953032659274891;7.836464974099119;0.2637295114827176;31.971223615523222;221.33228684803098;0.995785936619182;3.041178053010358;1.0835295731749217;10.923176506796914;4
11.890452531626783;1.514788642295735;0.26463502692535734;14.01014615630128;0.34870441869131447;14.8303599877188;285.0459036795896;1.0034363561609227;3.2811471955556923;0.5789798804429738;11.137993268955725;3
6.570340647756403;1.2688789439327306;0.6619689447938686;8.565720367582616;0.01551297200440962;58.938378663446855;57.05994164902783;0.9948299881830364;3.667819163450424;1.9750065211599528;13.82254979266416;4
12.407596440557866;0.5804940677920986;0.8149397285405392;11.226272113822741;0.0590274112037123;57.98181311876558;222.7853295639609;1.0026239274676332;3.532906118720031;1.8151067216640198;11.495513287861556;6
8.970109413196074;1.1246766708863514;0.7780252431446532;4.581724011434738;0.5398735825900439;35.53380559431146;101.88073108937297;1.0027769499114836;3.041778946301734;1.6180937674857734;14.820526658891296;5
15.185048872725101;0.7589005611208722;0.7608513309307817;7.422206443058552;0.05864951446568316;22.189996941490996;55.70228975574466;0.9933640371390219;3.379153469087742;1.0172243768416813;11.257511995057623;6
6.153986668849724;0.4918191081872347;0.18772240569225207;2.7023680408311845;0.4353753541300926;46.30458353154812;125.24967436352095;1.0009417724932288;3.916291913856182;0.6370223639051273;12.622276140015954;6
8.454049766867922;1.3476725059618468;0.08838494698451871;3.9073085238036405;0.5631028603013225;21.458801640195617;230.65556313805843;0.995968474760069;3.7750598767693724;1.902156672968897;8.727359493457072;4
5.882250790018656;0.17610246948499447;0.6989488284873856;0.9137738629074139;0.17413947897673693;17.756563052983555;137.55249444824676;1.0025666867848773;3.150451026736378;1.2190263812836222;12.646709508722271;7
15.04903788654776;1.4365725085177181;0.3683472137943513;1.4732697540704394;0.23392437079864906;52.86654043586919;158.11903735746273;0.9962006925932919;3.987475992921734;1.7534336188471003;13.93427156369754;4
14.513934693205085;0.7937570983521118;0.4323462264033473;15.168343818383168;0.3527839221009851;3.8630920201874996;287.6301130866343;1.000207416630135;3.6399479085526165;0.9012986596182411;14.525975950466426;6
7.514740393181258;1.0503141561400895;0.031149092793391064;4.43836394899673;0.5401436728135123;7.728561443456171;118.94793177475157;0.996430096112811;2.819310681696813;0.889931489522716;14.882583975658509;5
12.057819720186224;1.0826567264204427;0.2595764492750492;10.584336358758428;0.5762014467689917;1.4819603556748742;180.15841358271487;0.9931726462928091;2.7846541058765713;1.9758526027256453;10.234161196720017;5
13.834610862273738;1.426871901431543;0.03367640387446402;13.150855602474328;0.4549983856186496;11.858966239755256;109.36410905715023;0.9927851487562266;2.953878095242738;1.201461190986399;12.13990542136716;4
10.873769171073924;1.0495377359641227;0.8791857726012476;8.939642704853838;0.06388523675196173;5.898290618442622;117.1583379110235;0.9958643728657715;3.6643769524236864;0.5649613578474463;11.329666905958959;5
10.585051535422874;1.0163430337496902;0.24339668321853047;3.1359097012257604;0.4128233391653756;71.70196811237422;202.86633322505048;1.0003598372285336;2.9733484358198834;0.6968567122511613;12.064813623738612;5
7.332930887175104;0.21731197921860734;0.557337169573008;11.53049998510803;0.25777192940172455;21.50550786674036;271.42201423485204;0.9983110736281621;3.3895881968952186;1.1348469465858437;9.423444221734004;7
5.652061276206661;0.8768757120399979;0.03897932066113041;9.663670587453913;0.2939498986951459;11.598028899516557;159.48758298932697;0.9994491309284453;2.8584403526296565;0.400926420515647;13.96497222187362;5
14.738538064872593;0.3392467411928808;0.6668473913056581;11.576258604471676;0.04143988581676104;18.110734317710175;223.45717989250468;0.993915284896969;3.9095254204443477;1.1024317555817618;14.31219813173982;7
14.774724045945634;1.196653302333369;0.32302734575409386;12.138300693713473;0.12644622146846854;67.46491557934957;31.245456145200762;0.9966271494119425;3.176829979251131;1.029631206273813;11.322800810233996;4
11.754046467187928;0.8678440043865047;0.8979191869576658;15.140991368197279;0.485517650912655;37.931375834732094;65.75772459323534;0.9906746635088822;3.8933277118320007;1.6314915630835432;10.22279410022825;6
8.431036638850317;1.113132557644196;0.8881181889340358;9.274023888389966;0.283921340995668;26.90208483785784;148.10325438022767;1.0012047915053497;3.939992065226391;0.9227530806970337;9.31541727974458;5
8.546068193123068;0.18084243487948104;0.3252906183617478;5.887960245282787;0.19269568273705817;63.010793511554574;11.663317786943267;1.003552331249707;2.747783382088375;1.970856431771131;12.844471361055728;7
12.803299171233705;0.24379634342687267;0.9009608956904679;10.367582530743462;0.24202742530500992;29.044309208981304;77.55795898980413;0.995611692832948;3.32945168774239;0.6318857652325083;10.429506957534779;7
14.737345937464122;1.1658321465715162;0.9961576734987788;1.8992343549423416;0.5237853084820824;24.7856084669964;152.42456502046542;0.9902193249556517;2.771313190747754;1.3169477638967853;14.312000704437025;5
14.624076594195826;0.2252431305580631;0.8254156641239481;14.002000847495161;0.4606504114255692;15.717059101031225;10.2340191065331;0.9923825757506839;3.8940398132046905;0.47979782600378523;12.761581086491656;7
13.41259366819115;0.22403482253727755;0.844871347755229;2.642962765537673;0.17511692291146858;27.823574497568217;80.8665990019698;0.9989574160749607;3.398377581812911;1.55555285326995;12.596954613632565;7
11.854957601543452;0.1376783738429357;0.2490087361090899;5.686505433132947;0.0823836022872116;23.484589277201746;151.47072191167106;0.9984065203139365;2.835178896127091;1.9912386590634925;12.036113753338565;8
5.550781604444052;1.5164920415172407;0.5767023988577563;12.809882557141366;0.16294693476479896;49.088581110168015;168.20123717869254;1.0008007174807552;2.88005144491124;1.6979615250452258;8.697546206286717;3
6.426404469269135;1.1967622048101503;0.06725591396736785;9.620760723628393;0.5635331141817854;21.560372031621625;267.98772913465143;0.9935279002292897;3.2270564611057786;1.258024913002903;14.457495831956315;5
14.753662330355995;0.6357470564130137;0.09491793682166971;6.647078596050655;0.36037171387200345;41.981181996001865;188.63281137992203;1.000470666689752;3.934097424948569;1.1395180668574856;12.48159370644649;6
11.452648374153366;0.5529419486799766;0.9988926120332906;7.812160626875313;0.33155464503812493;5.678343717270062;123.37023211598823;0.9994403423731524;3.6199946224914625;1.7245000353156343;14.861402891990217;7
4.703926683267914;0.6305667154289404;0.32663924942591094;13.376391940751832;0.36923976621578447;14.58153012545252;269.2893831286582;0.9944667334588625;3.841875960060198;1.8930767214669095;11.892816631023766;6
5.746628434386162;1.2509941555245256;0.7481839120488464;5.864064036474425;0.23125093118216264;29.92577428440576;228.12188429874578;0.9974995485765358;3.205399940851774;1.9819748980828154;13.015720797390387;4
12.09756999092103;1.085601092162805;0.8066650530268165;13.596885398257701;0.49545710517138813;67.52339702751738;62.60252467490757;0.9920758692717472;2.794881398428498;0.9922205100326884;8.765362126130444;5
4.6571958974622705;0.3903855290865032;0.8580232710072292;2.1867626922596957;0.32544846333084965;27.784890985814375;43.028388261715996;0.9962339285367926;3.9773833992496055;1.9848321829068356;12.50628514935217;7
6.417130981017735;0.37419962958776315;0.9976282974021565;12.24125718324601;0.08193199375850853;48.14926260518822;197.25469291519343;1.0020719077647477;2.7618096981412097;0.5903968411302987;13.370222475337322;7
10.800691819842424;0.26365764858156004;0.24149648525686784;13.27419544259915;0.08931000977260871;19.11119279191927;164.44693585828642;0.9958066265932218;3.9435175994129827;0.7534281258062884;13.460342916541624;7
12.418415733927434;1.0840419707639537;0.04035082685969971;3.5545377314251456;0.3335786287550684;10.019383894099452;229.47763270334985;1.0015048985421953;3.2082203282884136;0.4786569283056067;13.405725739496855;5
11.967162232379387;1.2359840868437346;0.411191517994586;7.183059372634126;0.5730055606244326;5.156098605683559;215.08182917226827;0.998109250834837;2.7528148143777895;0.7838033225290844;9.87083707740884;4
7.134243196904325;0.5069677853545058;0.13008066982894695;3.316296710089372;0.19670292088404304;22.684358396535345;182.93486408167675;0.9926833608324541;3.6152296842901253;1.6124557112020785;14.740090104433968;7
12.647625201227156;0.1505796431051327;0.022425889162055124;11.21642028331558;0.5328551601466718;12.193932902580466;285.1461545709765;0.9979846670527853;3.9852861861198194;1.754383678158011;14.868683784062103;7
7.280914688713841;0.23997063451558392;0.3604268271414861;8.716077413700187;0.4696932563607487;13.354741809144818;157.00589362124566;0.9969614929431192;3.9663446680037424;1.6307507173212947;8.891373188550409;7
8.277016589199725;1.5330756508737444;0.7837382510752364;10.175720861941487;0.16043965330123722;55.01391089547345;38.008929089986715;0.9954994949853747;2.9443900042270714;1.3838798495400528;14.486901748276424;4
13.035352877833674;0.5513493751170335;0.5661806912250709;3.7687097175606827;0.03376810824142923;2.124503037086069;240.4014188429247;0.9916993665862088;2.970184713704017;1.1883240759128182;10.281419762978402;6
11.940851759233526;1.243065795843675;0.31277798921035405;3.9914895859653248;0.07300651182028725;40.60451892721584;77.27450154383564;0.9957455720015993;3.458234421566968;1.5135361629867896;12.88034653138127;4
14.196224538584211;1.0320088105272252;0.6543420054927197;1.5058609524446331;0.4483678663746167;27.941758022136;225.97650792472888;0.9910610235643837;3.5493771295639718;0.9826920272762605;10.597720984784859;5
12.03102568299388;0.677631873893228;0.23201818030881072;5.602186013857654;0.13160217308634736;36.96504999350685;276.86130816801455;0.991415234480051;3.6790607503556494;1.734984947004502;14.690403101925291;6
11.021887217690828;0.42030340280551043;0.014381446072085025;9.072272055471654;0.23439128138273088;40.96094684223681;203.1931304519086;0.9957347831785436;2.9699339577996273;1.4609074569412317;9.059775078972981;6
5.658524876457445;0.29722417051273337;0.7643533864364274;13.425849744361;0.3125178004378485;23.24910630646675;174.6765355487937;0.9942292957844104;3.957939000190832;1.4953338464856623;11.635354310216444;7
8.755188574571598;1.017918933336745;0.6237430848640091;10.63714073289674;0.4465554329016475;21.952729073084257;136.28928771603648;1.0026759137182435;3.551198855487332;1.225013108525549;11.182310647623485;5
7.596786754803498;1.2509653197311703;0.76230262450096;7.256786321636371;0.0798255027322161;53.071531302778304;109.12799207669912;0.9951871130692793;3.8157495869656044;1.8083324036326582;10.519152439806902;4
7.357082970183644;1.0601002101700507;0.03893801668766561;14.815553670154411;0.2554134767611994;62.86066615660216;105.90034452502967;1.000392027622622;3.4258834584108984;0.7508646052440175;12.595970940720967;5
15.595019268702636;0.8942411145437711;0.8371196278306522;11.400979928407144;0.30255867257647456;14.67329590455548;186.09347571581415;0.9972919713091082;3.266131596439151;0.9665165811129548;9.251862332240838;6
9.042004288734393;0.18124878621018894;0.6195262000363033;14.48041196179323;0.3359554113189523;7.930931997995575;218.6102920933821;0.9996596468069086;3.981022291375645;1.6286630913617408;13.05830571786903;7
14.68012607350138;1.5339936152878004;0.5633953507126401;8.60278440977362;0.5021980241957348;64.74350225383384;198.02033066408927;0.9936127796886697;3.4792941409411915;1.152890656535994;14.773848804731118;4
11.73186647376907;1.2861227198156788;0.6246140481145316;4.680002411979838;0.11483523883088692;25.842577918965304;62.15005863777825;1.002898745730058;3.840929450154957;1.8149874024183987;13.629631644046096;4
13.581367730020627;0.5475201735834085;0.8644332468683641;1.671269620924941;0.49589103964414677;40.1435347370598;145.798371980608;0.9972898053279744;3.950681343385188;0.9084868640039634;13.990108893912044;7
10.279799152088671;1.550756680863922;0.5869365065589071;11.500838831664216;0.42703417819029466;26.527563260920246;230.03414042780682;1.0013926338509052;3.597700376300997;0.9467813819288067;10.737638830663517;3
11.119013896277858;0.9987471208690303;0.5809503798881793;2.6710237708807982;0.3449666177051766;9.931965880569644;140.62425412750292;0.9950419223451447;3.437152121718717;1.8141887682756643;10.511762942127922;5
10.165449940153163;0.9703370809825799;0.9906791570657658;5.320516872770721;0.43101719437114056;42.84254679128869;157.86438816514476;0.9914348785740682;2.7444587806565264;1.1054984347040084;11.760814305485866;5
6.806245762117903;1.212186841967117;0.756730167068568;8.674075255104901;0.25879862563204215;38.285000475643706;224.23150163234266;0.9992459526419579;2.7908249437385377;1.1919280556181528;8.697222995954773;4
12.76370890245501;1.305183890611601;0.4422938054511353;9.140482181584316;0.09490015399490662;15.412542702575003;193.1380816730209;0.9901756864103557;2.995081044384918;0.8857154046105846;14.544827873967463;5
7.77272769558167;1.078458766703994;0.7073970000329277;9.668514676012187;0.410793378918955;33.08270217031173;121.8446126097171;0.9965434903408222;2.976230708457114;0.7920388034390669;9.33460362460525;5
4.874770420675428;0.30701978969465205;0.3892304716917885;3.3273278231056294;0.32627871170468775;57.58327278511086;259.40179726796396;0.9926959619143172;3.0635436699038037;1.4254343471001147;14.2695847545926;7
11.893836943750998;0.6138705587519677;0.228875462483499;6.444166110396072;0.3949855055251225;42.92025332066029;52.00648043176444;0.9986148543704096;3.1272669898760292;0.5301339047738105;8.943284443002312;6
6.601350677299653;1.4750021148760326;0.5968518768877594;9.911035715907714;0.21446126983606553;7.881130221756634;287.7311549510619;1.0034096986721375;3.197283176809425;1.7983853107754584;13.74706202991064;4
15.227182003187933;0.4479387932920238;0.9281820981139515;15.059355423653257;0.5552130798265617;39.90952630326859;39.63527970877513;0.9963951675840872;3.2740828663874733;1.63126923839773;9.387756418208399;7
15.379392920129238;0.6633638548027694;0.9291395200154627;11.523414610415454;0.36383455127677056;50.89441924956067;10.23084182249961;1.0012043262538795;2.8655602498391386;0.6485496003886906;8.647855491594573;6
14.937967609491068;0.7508322490985261;0.3419052781054903;14.370014853571783;0.06315608809023342;57.281941810433345;257.8753490251004;0.9969860206262743;2.7937996535800336;1.4890133095270242;13.076681426686157;6
8.782793312886522;0.7615312849539002;0.527677466221695;12.028296051386985;0.2814325904319528;45.66734808303294;75.32184286756558;0.9968233412236368;3.59590945032274;1.3363969785470102;10.221724451133785;6
4.774659766776201;1.0148917904420074;0.2116358985698612;9.539067745829046;0.46505727679143694;11.838729682395645;212.50499456742202;1.0027423679770948;3.422415227550709;0.6381735347301957;13.044224993098272;5
15.089999757241298;1.4968907231072732;0.9956311094988834;3.7035411893906303;0.4876866024776311;51.42230192790141;235.51735110577562;1.0021913351323297;3.304063136819552;0.7862498551038882;12.00805412807333;4
9.438480875985652;0.47141135927545724;0.9811179078679357;10.633610517630691;0.3082636346054915;49.09127107178766;249.09314866208905;1.0007726023358603;3.5457387252838073;1.0130074612355033;9.107248036495427;7
15.523199455193467;0.29739200939934035;0.6495089297074473;10.001341663014644;0.5479537949279494;2.734308688784959;286.6211686929592;0.9941050033601746;3.7911528471484965;1.4977353678599414;14.458845476457565;7
15.488905741108557;0.4083069151955085;0.8044140596774734;9.69604988867609;0.17233339387938423;30.234084398907264;89.21323794131973;0.9974930146221601;3.28316999457758;1.3966680927244;11.340042135962605;7
14.23900684678117;1.4149103543055332;0.7151001612837;8.050873672628315;0.2579486196457217;24.639467534328503;206.99886576541434;0.9931194803176234;3.5542217206160136;1.2188321956200856;13.173907305691472;4
7.927272480386318;1.0628837864766008;0.5931582190394682;8.618386418243423;0.550259549430813;48.528256562008686;38.658159893474384;0.9961161454273939;3.9510367242706517;1.6132456070004373;11.656633718101563;5
8.951604333201756;0.5374239122891737;0.053347996988897695;5.78286089592432;0.5488577731664758;16.34564267407537;121.12702945398838;0.9966649819556483;3.806323109744182;1.595756025142297;12.328349587247832;7
14.217844388140483;1.3112825308941813;0.45476434255266107;8.481965312577627;0.42274194852598385;42.951906531172355;245.97598920746307;1.0013969373471063;3.28102102933806;1.3618247872839673;10.3680283503185;4
8.181218658265937;1.3776001946906167;0.6747863021674105;3.7843162229057823;0.5265293477262099;65.83762328880624;110.04722703472765;1.0022739063357264;3.5587903840247233;1.6442734392526581;9.702341976022428;4
6.515268037552845;1.355910934487806;0.6775316138836847;12.655546201461501;0.06517518690678337;57.64396842681115;173.27999269157877;0.99571712524984;2.9648800708332437;0.8882198358812794;11.926706322152441;4
10.891854265779358;1.4616327391137496;0.3731226184223836;3.612343538601134;0.530131990748458;66.42349927137366;148.56788457407143;0.9903111345418975;3.451863174816764;1.8016867122987514;11.261423324311513;4
15.178548948016825;0.4882718894531079;0.9416919866580306;2.1405078323862097;0.20405132402358583;70.47392365222099;188.80428330470875;1.0018073596979309;3.9862869297458223;1.356899843289241;10.935735887320565;7
12.465136702427195;1.2223612159695665;0.167357032236781;7.269191984814498;0.11882057594450157;1.7575790174375565;281.32911219671763;0.9924436756011885;3.3982601963072034;1.703347068066759;12.77168676811505;4
11.041691222009824;0.7923876660202444;0.5003594462155606;10.511288616788503;0.15538253196888577;45.214630622800904;21.7731539998968;0.9985400323481871;3.918100639971487;1.2422861049997742;12.888293108072384;6
5.698094379609684;1.34931788721949;0.6908839765508228;7.290665644029704;0.2623631363003184;30.311597240882357;168.4311094529612;0.9904101036639129;3.257315349039141;0.6947918691310961;8.69848036459321;4
11.549581661700618;1.183596388655955;0.6971358058918092;4.9406103264891055;0.16246401075807587;62.049668813793645;250.2371445278306;0.9955112781930489;4.008532930524481;1.2358249148927754;10.601839212583869;5
15.787608506178175;1.253613271889598;0.6486389567688156;9.049299284800435;0.20401998402388294;18.87884384264835;142.23130742480498;1.0034987793148111;3.4756094447389985;0.9497564785069021;11.076469576471453;4
6.182949372172722;1.0779962830143643;0.27528821345186016;5.966234097018119;0.09285211315691361;70.6530937271704;28.223193621465107;0.9914414468470338;2.793681622679637;1.4948233901819479;9.029799047567092;5
10.457125071710225;0.379046003425772;0.15620656868662197;14.519868275848843;0.18940988256984012;44.57326583760606;164.63263673394616;0.9958407007302351;3.485178591798063;1.1245756321970088;9.933355633538875;7
14.514315712785896;0.91573930158953;0.6359403268267109;14.370619038212153;0.3547980049106587;57.341155558246996;99.97691110314119;0.9942533823215871;3.0887073235130877;1.7263083842292384;8.735671681947919;5
12.97068538062251;1.557617819705782;0.5993021161394377;8.234628571592593;0.2766703711465473;7.077568250416551;49.84852525063586;1.0023973002405482;2.7812512789855863;1.4623810955776009;14.875573641010634;4
12.476277873246527;1.4885865770857936;0.17935601028924097;5.687106312666574;0.2196845379803108;14.025509817879417;246.27676725922285;1.0019104122696982;3.782483696962222;1.473189203162311;13.18762181930399;4
12.538070149054334;0.18303365426363705;0.7051391455705633;11.662133243766931;0.45912482518541126;54.846660785428426;153.61266217648742;0.9933074571153708;3.09017663896556;0.6926494069300785;8.9684260172679;7
8.662250008783232;0.3606296309649782;0.4551719917336564;1.436008974852773;0.5472124728645974;2.561043064791976;270.1172247032759;0.9911757776596268;3.751616663639053;1.973697110040455;8.531620968635599;7
7.917587840188775;0.3123240092436604;0.6677605916031529;7.8316274882373085;0.46531674451853583;58.998336998458576;234.10267080266854;0.9986116249271124;3.1060363303539513;1.7355975994833863;13.075370700989822;7
13.745781056907203;1.1799306685785313;0.8373670797701507;5.81032155634687;0.21086842056848984;1.9903803271257132;202.11101763794787;0.9946513418558561;2.9867944694196935;1.64763815721636;11.254749076937335;5
13.754281359874742;1.3139665815911399;0.16972842857692316;14.339823922497299;0.45792085853469466;47.655437573350405;7.422217452383277;0.9992237894000545;3.9768981791126228;0.8814594260172459;13.514178608919744;4
14.397917199955172;0.431726594813581;0.01914486799683668;1.0752441981811651;0.10303612930195667;26.921668336458218;127.07403822862473;0.9905074710776436;3.1992895662488747;1.2245048602548774;14.402594245819493;7
14.919618243888126;0.8585449317096703;0.7791025863957868;8.971097185487897;0.09006047486668325;44.41613454306314;61.88861770752514;0.9918868975831174;3.503747788532814;0.5589623240841288;12.295452528606422;6
10.378169107128597;1.347426420896352;0.6096974251526159;11.71368828357274;0.2190305951846592;50.418229896227075;263.7558088268296;0.9994183898103634;3.5146764958743786;1.229254881026719;9.616204748962145;4
10.267134129965356;1.1898902553587258;0.6996395696221217;7.981262617851002;0.49581371905739013;25.315740562227596;55.407267663409954;0.99296248832522;3.451801322360347;0.5736350416270898;13.484261234301941;5
13.62073552232456;0.9116663200180984;0.8381549749886426;2.146884240375736;0.15956260009813883;8.665333815869324;86.95499461957779;1.001750344143884;3.9016635942719424;1.253573199462634;14.612776330633434;6
11.944592417788746;0.9819076280698084;0.8028109348245005;15.097936294407372;0.04988879193030907;5.944856610126861;152.26480526886326;0.990868007890612;3.596540160635923;1.4133655398586924;12.171503365889714;5
12.532225713012048;0.8622063984977687;0.9609201469288247;8.462952298091029;0.09089401158860669;42.814457601940894;80.53190417645642;0.9930048646055395;3.2527409152132614;0.981627265307337;12.832983407324768;6
13.592457164627943;0.554420738925478;0.5359350788521182;9.867119167057567;0.5263882361492185;37.96653011512192;65.3917036699913;1.0036703905843667;3.8352230883458276;1.1625699468132598;10.593585517738376;6
14.6570603625385;0.9449321095741635;0.48849563265990537;4.354502827529607;0.3916361875636253;53.69627164760041;175.54510900407894;0.9959684965172321;2.969949881877275;1.7923411574165584;10.879930015292024;6
8.419345272422355;1.1257725409931325;0.4018871998907301;7.9590720425593355;0.16366749685861604;37.19122121027954;31.167054939671754;0.999644392337478;3.4311806821652304;0.5113004516536916;13.175254236044916;5
8.844087364831367;1.3950514571567791;0.15369104284420454;7.165582582591499;0.3446221993715806;30.99365109219242;22.461475718021696;0.9925578707254326;3.9471989723685703;1.6521939313094203;14.430512139644325;4
5.66199592020182;1.0489853768097022;0.5726072328820224;1.9934792932289627;0.32802019383278486;29.26418965477239;111.3454185376582;0.998376412170503;3.534254989948124;0.615160100163648;12.48842451695829;5
11.134565593256767;1.2312374440830105;0.2770125243259788;2.4499411617930216;0.4046061510859561;2.87773008443439;209.94804062572504;0.9999595646511915;3.777549932103093;0.39130233128372943;13.534011405154759;5
5.006147693903185;0.3537045870336766;0.9213075122129755;13.127098786434109;0.1516793450985482;24.824561320462657;163.01031259152728;0.9943531717805019;3.5700221214423946;0.6399095865842298;9.515627613199925;7
9.8612576048968;0.7938739126528932;0.5831908042770976;4.4013713022162175;0.5297773893294442;70.29743118423909;125.6740405760984;1.0013595786651115;3.8060009966931205;1.6076221272507178;9.777734086676828;6
10.731884372195616;0.13362416494755622;0.5928401805081102;3.746390763880006;0.1973117686859277;63.0224459121233;166.10769267555682;0.9982885474187925;3.939499607403459;1.006560542472556;11.858225464417036;8
7.837916149049613;0.48015114220156957;0.35492466087701;8.271707188252034;0.4277848607317659;24.385842759429455;109.42277015687642;0.9953698553909567;3.0866105939665758;1.7871092631331238;9.547602249578464;7
11.27641584442982;1.1806341040649868;0.05198935197770749;12.123708117892688;0.02165866317695672;42.733473759712425;270.92941292728796;0.9976650893973338;2.955469573196033;1.206261593774384;12.527467956436004;4
4.944652824311258;1.5680425289700706;0.03174376537298862;1.8044191712532236;0.2352216208065942;61.15806893302007;21.538084127749137;0.9979254827420773;3.354668252922326;0.3671580877169727;10.295745705065544;3
5.0220345328661224;0.2648000253973352;0.4233351441531975;9.321395626718536;0.22267418095732616;32.330477909254874;196.56978856544336;0.9923245906864905;3.631365282066754;1.5269117280352178;13.544962021334797;7
13.89538633545414;0.7061817011574808;0.08456537809723785;2.6404724654723712;0.3375471727212257;2.275008326260718;258.2329941462534;0.995555214877588;3.0285328915414147;0.5140889575644586;13.652717252993233;6
8.67015424794727;1.288103614300773;0.6068469555401391;1.4323313420540296;0.055569020804540695;6.290242789123445;233.4993725720767;0.9947475246088255;2.7452088420463125;1.6482639878814138;11.414618462409795;4
6.035783792966297;0.4178920265581923;0.8809730056396574;1.6700617015683739;0.4852886928619389;37.23788321575817;58.08361285446943;0.9955302950815277;3.175527597112616;0.6107312581746507;9.57526912774463;7
10.50134883861929;0.9304240259813379;0.8829148165187222;13.078795979843244;0.14245070025877354;69.83019567298736;89.7471567614216;1.0004363262151692;3.970451356044091;0.9068954642952074;12.604037247032561;6
13.300927150014303;1.190284092203325;0.6590454101322324;2.6223982609696987;0.4175456511143241;50.21787749753961;208.92456665411063;0.996642173109696;3.6226086749694253;1.6013232874743517;14.85311561871331;5
7.038777610714328;1.0193387573798613;0.211231831472931;1.5592099204194625;0.49312406182321183;6.035049592138437;29.848568248156646;1.0028771060071187;3.2496833138053542;1.9235663669856242;12.446840836626402;5
11.638662376754702;0.39451611253850755;0.8629968313588721;7.293338352286519;0.34856429678866635;14.444622181222257;235.75686105262128;0.9940698727499419;2.9845716436304874;0.950294697580043;8.632535489641052;7
5.564426354429578;0.6388614702811796;0.8860934353132082;13.222304690353562;0.4557890408264693;55.76394316839635;209.45066532315565;0.9957318827362407;3.1922338856685286;1.7150983677322227;8.512410842486037;6
5.1840034492052665;1.2643360053486798;0.1966535849529587;4.7311622967438085;0.4084543270167883;60.74222295689338;212.47868173360195;1.0007883517587246;2.955696080292585;0.6486230833446507;10.482352808199991;4
10.604307336720073;0.9291707106327443;0.7374260857706773;7.057004215878379;0.22496234849405256;44.85631561938995;34.36830778572836;0.9975068549610286;2.8750083930674486;1.6779902162381601;9.672594744592631;5
10.709176874194203;0.1276352357726526;0.28651954892712295;1.482868975430768;0.4965062648811056;46.75404504371698;209.12623418299333;0.997520523354301;3.891562813167143;1.4280150789579393;13.684832846431505;8
11.802957886929734;1.231046509641017;0.8026403123529297;7.456546306369188;0.18852612056143125;3.01195897722031;198.3885294372515;0.9907964930201306;4.007015929736851;0.6518816570446553;13.891236835734002;5
12.804832071066075;0.17155457821274905;0.9972378999036027;9.333150977302152;0.3541565377331588;59.8256484302871;241.1510649025837;0.9954989274062254;2.9484253382866537;0.8351816137868573;10.081022013518096;8
15.627128497926641;1.208771322787599;0.030026005329392813;9.235242984781314;0.45849324574578215;56.9675397801289;17.77165562058087;0.993757393435584;2.8092436497754156;0.5500573839570502;10.516691050174302;4
10.434193935803506;0.4156216178412466;0.8973658657909319;5.753429705745732;0.23899458997769205;19.391495231337647;12.540319176385191;1.0036809443729597;3.1587585060756895;0.9695549084774031;9.935605290148246;7
8.24940814423608;1.518787280974295;0.622630533598658;5.5067844376817785;0.1933577969628376;51.316047117550994;111.56100926563269;0.994269796062012;3.3263071595669977;0.6700932306758733;14.304486557913217;3
13.585604000886352;0.6571934969010433;0.9733826191648212;2.456704836474329;0.2871482600935208;16.254677056174863;48.10708432931027;1.0021168428038925;3.0001229837863352;1.4054765825628908;11.667220675044835;6
7.6604044392614385;0.5973201598535955;0.4650095175264276;6.255255481435519;0.501960133115143;3.8634414346574224;164.0228071523728;0.9992803034712513;3.122809637984169;1.990823524048333;12.66489078653313;6
9.560377053973689;0.3373765534853692;0.8473879305713737;2.352622165545284;0.5690231361242531;15.280694523916786;265.6097391264099;0.9947132814931963;2.995105834328405;0.35005530235072113;11.100633563547422;7
5.486557109167605;0.5661821546157138;0.06239406859827723;12.092300792795953;0.3385049643030742;13.682650249555264;116.78876368452646;0.9974729382334555;3.723310921909213;1.2333360881897888;12.501592257779453;6
4.886463400594669;1.3999101122691728;0.3352790500782957;15.007604747123514;0.40821825698886743;24.980107768174154;245.12095676814698;1.001518098684908;3.644973987924021;1.2880232179068463;10.908059948691285;4
15.477927085860554;1.5746481329357809;0.06701653775120997;15.063087067333921;0.5530608997211096;30.709914299457523;6.068167488556212;1.0021014762191809;3.546388425016447;1.856728678766956;10.607909845239966;3
14.046575361787927;0.6577319145399986;0.9753431334790705;13.53003805088075;0.07102956399635249;37.106261296337266;53.68964409894913;0.9922545645775837;3.2317666784905903;1.1750289090607857;12.524120475627623;6
12.464508528858786;0.7749715211936321;0.8169739072718367;9.67156538035844;0.15101506814183285;34.8495251610913;14.60986172210623;0.9946949861832552;3.8944819954690795;1.2379813708070122;12.24190350731843;6
9.22116827188125;1.1742235697759962;0.8525474212459705;11.132639179760647;0.4366311037446979;20.217897023535546;98.86565208576442;0.9946357397145088;3.971306327749475;1.117660178218409;10.307931702091674;5
6.558225816800557;1.4138458394790088;0.9379652314338942;5.064004719134045;0.5054229326854675;3.071117468759287;263.0176555821103;0.9906426501225544;2.9605219270342733;0.7790701886176739;9.370764927076578;4
6.367738582183272;0.9858447279127048;0.08510348611978535;10.10924813452026;0.5253603879700162;43.9622151788377;33.43745097851353;0.9982179982891828;3.0232260545930854;0.4235686525256859;10.795748509947895;5
7.427744749259928;0.6916275193396308;0.38559759251333336;7.552483421822211;0.2606491989361046;29.09788291916216;177.6139668184955;1.0017126491217536;3.4075514055604694;1.0124583292904263;11.09878465442241;6
10.806261311179162;0.7224278876389907;0.07103488904400213;7.937453160743215;0.06551460147282823;22.20572317451603;133.77335077080272;0.9952670431621835;2.855888222988452;0.4178277569719332;12.486448167259931;6
12.674933926510704;1.135602493885338;0.21079310155002862;11.963537781477307;0.2742311049024723;62.552814040966375;271.5865040995249;1.0001492895706845;3.2942894665053535;1.2493224240080827;14.344436963639614;5
12.060230356910363;0.12469866486224687;0.22936577703767236;5.016007991719874;0.1502100195340252;54.01877485366934;40.67291733799755;0.998619279633242;3.478874906267692;0.8431803842146295;8.635201183964014;8
7.763253035489154;1.0246004326913674;0.4691072110475787;5.543378330739991;0.18642667654297787;61.9013539344434;66.00388169213079;0.9951863357774147;3.403033435344413;1.2211160105474643;9.983796581521993;5
15.389977671494094;0.6390197952443818;0.2685621674536426;14.399770150478096;0.474588266545666;36.14377842458473;14.360377117052597;0.9919912344690851;3.160253900509093;0.5542759305399618;9.659153624817142;6
12.938235158662184;1.2795281036645432;0.10097810681776109;1.7208747048241948;0.05724072452950624;10.2961189010012;128.80367564567877;0.9997309908748087;3.428906173718053;1.8874920427847306;11.664913656509594;4
10.864200793378828;0.25576633414177297;0.1674910890941077;7.99026075683477;0.5077211492709406;50.43172196461034;84.62671057679717;1.0017091776009797;3.9576772119087362;1.8238504767283912;11.193055245780538;7
11.51244443244818;0.9787753097446501;0.14727556355209093;14.226891685954781;0.2681737824086773;15.631238375539443;252.1833792909608;0.9994113381865083;3.0016421034500476;0.6472941703678151;13.138744554831225;5
9.341480705434027;0.8222204192337407;0.9730767979122983;9.811299914145092;0.3690422947292564;32.32730650551189;177.19825013496467;0.9903135049525542;3.5716358251603846;0.9035519531009966;9.975703431541616;6
7.399360181363079;1.057795267821632;0.7592925069184736;8.877543283497127;0.06570168651017172;5.615056015371083;179.78767884712357;0.9930150920216053;2.7951138015781862;1.3545329289928059;12.264239377373432;5
8.622491268759255;0.21468624794513377;0.967761465269562;4.5462650167485865;0.2140780879360105;59.59689657203175;156.53072721740858;0.9910163173941137;2.8243488336914226;0.48979596620086346;14.145072213399736;8
13.163661048247372;0.9667763296450717;0.43974048650790853;5.911822140340945;0.06573085048989262;9.94178551437254;31.993645435863883;0.9978386586762282;3.4408218447639527;0.9221282612639718;14.31940530946898;5
4.762646421516241;0.9397674984209046;0.2783684816626566;13.339906870748516;0.5879646900057847;65.11992300050099;131.94028749427554;1.0003732259858065;2.873272759016496;0.7493575189877402;14.632099930712702;6
5.911620837728153;0.9385637378476095;0.7982931972091867;9.06458472381949;0.495549727946424;62.360372760570556;288.85996868751016;0.9915760885278752;2.768380421302109;1.8589129369568833;13.426197488519925;6
5.119829854845806;1.001091993230824;0.3262539180411468;8.415236028848986;0.28732001985951966;33.98537627518647;242.3698893094222;1.0014881611164819;2.9578215070129885;1.7536927626029728;14.288921390682948;5
5.060235466204362;1.107643188350489;0.2993833737053483;2.3538638176844224;0.145937926445879;53.850142505583335;258.8489123292938;0.9976360322857465;3.4573584471694594;1.2983206779156624;9.924450667904283;5
14.266704599324381;1.295283939533924;0.2325059922078312;1.1340110842447977;0.5711396080446615;44.98060024108888;238.97305966675935;0.9994673779453703;3.6332430122390442;1.198978382575529;9.6842761382781;4
12.551333810994269;0.5139382513871928;0.12967897822423535;14.969803754830917;0.2184133608404561;58.01837060597988;35.1607992409681;1.0033004931780498;2.9971477764595527;1.8843120768908133;8.442172544573422;6
9.958164268686776;1.3245721388628904;0.25646306101676597;6.403998042387888;0.10842967458073748;31.658162155799754;70.3678559003383;0.9912097350599336;3.5886894852543816;1.8871543975746217;12.99448832328914;4
5.705526015356316;0.8474532961046423;0.3553197484738877;9.706910706652764;0.34933546868391896;56.79240238134885;6.883427333863924;1.0023446711929576;2.9717449404960212;1.9487813093372728;14.49353672078934;5
10.155259388820205;0.23250508753612348;0.6739942081457304;2.0638400685343607;0.5773206980865448;33.834434011625504;91.89336534050554;0.9917875187193486;3.5190909318216965;0.5393827364606734;9.615079742770897;7
9.950231009820392;0.20548435669620962;0.06256484221945158;10.87346857155648;0.014294344009693222;67.80857093683836;36.7358948640574;0.9954220989463916;3.2631887934676644;0.5981315439744943;12.540133240274713;7
6.557181129983171;0.6079879452962488;0.21050693966534295;14.51547394710703;0.15463678110914525;35.532419158585476;139.80051672034799;1.0016665950440298;3.570325376853693;1.4601502867954106;13.251988434941556;6
9.502523636389096;1.2659495865827428;0.8090236402916764;9.304712693762328;0.5741301366058341;33.8459683072948;197.62707926641426;1.0024131827043696;4.003716995648643;1.2341955759384409;14.429492528462369;4
9.10310349869032;1.1532141647217369;0.14692192358377076;2.7412837066809943;0.11448049414744006;56.740102171009404;253.4849984957758;0.9969667821936848;3.931027545845353;0.3608380611717041;12.60459145611194;5
11.559106107990047;1.2713778484217135;0.34264514652252154;9.39313430111276;0.07983282753225208;59.33201611501949;218.0284577207242;0.9981617051733113;2.745437832451852;0.43349831010249734;14.70690926286689;5
11.776558254804375;0.8752128224047496;0.8646589218581401;12.088669311327925;0.35354214226408287;40.36872711680312;271.61972360531695;0.9997149666972324;3.864507230740128;1.8130942383722046;10.640375416581561;6
5.111935310424103;0.7626905370150162;0.15492531114344266;6.833681433980673;0.5282444501536031;13.765644758150353;21.253216181442227;1.001412173064326;2.8244433098719535;1.781014228550775;10.67453546951415;6
8.833122545279124;0.3352806889911746;0.0827368356181899;13.74563111994543;0.2977887807986618;34.210834397988144;9.446893422881228;0.991724982129103;3.9503691644230026;0.9266424397333954;11.929581315093246;7
11.672217047570872;0.5991614202695948;0.48453799508001083;10.37077111901752;0.6077439897540303;69.73314770658716;193.15868621564817;1.001103143978082;3.0979186124565996;1.818054530273993;10.892762227253396;6
10.28543972195499;0.7536682746138579;0.3024195112785364;14.029034207022356;0.4188238480232577;54.46201970578215;87.88673209289568;0.9966249811699682;3.225184234622314;1.321437374244496;8.409267233868963;6
14.278335205428043;0.24935662733224115;0.5634083644838541;10.003177544211123;0.056370869419058195;58.59254487541838;77.7407875579338;0.9962074910499733;2.8563805205731745;1.6758624305215661;13.156518163065417;8
12.043238037294078;0.44209345095836844;0.8038048904834751;2.8168043912704337;0.6067064468775032;3.3306104161660492;99.64104581734378;0.9958435146221991;2.8825864030777155;1.0438098888375578;13.286160769610142;7
6.441159026020156;0.9934089293330587;0.13714848815274316;5.421498982135762;0.2563286478313341;34.218021847025355;82.35228438353906;0.9970054617910511;3.6629605178412357;0.5193752066659976;13.25533493046401;5
5.397426845624857;1.1940681467892174;0.580699084554285;3.8462062444858707;0.18415411777344404;46.91010048968643;150.7365029833492;1.0029415885372344;3.9393019394003304;1.054324194618847;10.642634332968033;5
11.859337843731367;1.5775873666337064;0.5055087603898639;14.168866866666189;0.34616963096315345;59.932320537593306;130.5620105644295;0.9975365353854291;3.515650588591973;1.0936906626548195;11.794881576522618;3
4.899577809120326;1.482345463761594;0.14407878601319957;12.001840982397248;0.19428024750069772;4.4984294043767745;151.01728003959374;1.003052278071144;3.64912951971905;1.250076803713807;10.739827868148351;4
11.219264068390135;1.0581451913213797;0.6239984855289824;10.775416186086089;0.06378804676497124;61.52316088057299;196.37795205462345;0.992525551578985;3.707701575638385;0.5063231305503948;8.504236600199198;5
15.224601728102021;0.7350221578093451;0.27364041786077165;5.294108266621677;0.012855577504426854;39.93646650867573;115.55793403883497;0.9999327320317004;3.073774128682236;1.9856411112928511;12.055918118264222;6
11.102858209997432;1.04881895247402;0.4878343185440125;3.587053671933117;0.28130042839923713;15.009291910900254;77.12007546123037;1.0011327025158512;2.797441631268673;0.7377084907475335;9.204444329546073;5
8.986320166133698;1.2670513623971384;0.08227232427706188;11.944185884638113;0.5132811899137287;23.5251203679287;53.03475191687497;0.9993197346827808;2.742378384777344;0.6615825139069451;8.920268606594364;4
11.86915686839859;0.29277083874814547;0.45958405721362305;7.8227060098345635;0.35481679619241585;21.016998174360815;104.90117582773303;0.9983362814566855;3.1853245893516036;1.209760874489414;13.310743946529117;7
9.778257662554138;0.7184611389565808;0.3064634680428203;4.196527461399185;0.6105251720671211;38.69099143448178;215.9312324946667;0.9977627500783938;3.046659569813005;1.227137659589464;8.461790315717687;6
10.765469719270065;1.3461113370280011;0.8223812111853543;9.902680881213016;0.18382114074267278;4.669683273690359;220.14748956154588;1.001795873172722;2.819143510812466;1.0645006321815178;14.633554883456721;4
15.238552339174735;0.6803961098222442;0.05697872699736828;1.4888742412213989;0.17999258379127314;12.256067253494571;194.7342244316315;1.0012608266533805;2.968000931466957;1.619059884363175;11.74915986673175;6
8.96295980714875;0.9549335159916923;0.41860727491832994;5.6620857102725015;0.10768992668013257;58.70120607968055;72.22997361184551;0.9917355723824798;2.898113600800294;1.1928128492167664;14.789606799589965;6
15.461453371210231;0.9781432668588094;0.458431424131438;7.740932121030566;0.11027408937093576;10.414883343023586;172.42840757687947;1.0016277638887605;3.90189554338406;1.3481914100921235;8.776984221072604;5
14.830462254103521;0.38933532957511346;0.7250060762991187;3.060191677997325;0.18282677101001865;17.571135131527015;167.505174226248;0.9957096145967789;2.9181393610931448;1.5386564636310018;12.192942067628437;7
6.81243982311905;0.648863744812341;0.574287575090211;15.275955372826258;0.48691118711884274;33.18931299789517;143.04733406505233;0.993525350824543;3.4228135492643528;0.37179191961165725;10.670625733843423;6
5.38378269988937;0.608386481563221;0.667212337194181;3.952821523008368;0.5545483175912322;37.71558305604646;161.64405314663358;1.0019162478963497;3.493244562992449;1.2829757848502248;13.882636203292858;6
5.738791415564921;0.1582471944568146;0.7770492856517561;2.803155698631677;0.596077214654901;55.216344052605265;145.17674903249807;0.9959541777710116;3.430231611289965;1.8066047669513767;10.747947779022862;8
4.805906629862512;0.15531997528137864;0.8622029736581888;3.8716091587486874;0.15114150280377514;32.76060229329933;166.02415159897262;1.0010799270802082;2.865801671454305;0.3590392006854746;10.09316926387277;8
5.667205456541991;1.3342776837666293;0.3138754967224705;12.128292544131973;0.5398972298228409;57.080388093523254;208.48818515777944;0.9936575571948386;3.1448739194232003;1.006654113347605;13.974095326149437;4
12.317976539604832;0.5186833825603061;0.538022705363903;7.112382625368905;0.2086247984771249;44.90258780022748;37.02477901617345;0.9901235173577706;2.805113322228205;1.8767998418437362;10.835245095746197;7
5.4044317276005875;0.8763949987086705;0.8401080784391999;9.155072720387055;0.07959148616561376;9.030081499091395;218.14408785817372;0.9968181542073381;3.242500790902321;0.9197678518118382;8.50941657909365;6
8.204424622319502;0.5561393374396086;0.9894511309650564;1.2067336920008669;0.5331449303865792;12.099532125891539;44.455780486109155;0.991435108855476;2.979520642714922;1.0960771364144022;10.93687915545567;7
14.147091013954837;1.4933916978683972;0.8895193110437631;1.4026971051703925;0.3930272751515275;32.02939450693373;24.85572355013604;1.0003446005142493;3.4532733172711625;1.9691741263840024;12.654394748571121;4
4.862972873814832;0.4985732679440297;0.3714672626243768;7.409053027474436;0.11067380675255596;29.179146909321812;282.23055120067534;0.9938301433532654;3.6198666601883573;0.6628708444474583;10.053337002241483;7
13.803493853254974;0.7472989465988452;0.19516651721865041;12.823166550743704;0.26946892325028854;53.791643144247914;276.8286705903349;0.9961124537067394;3.4157922224599773;0.4389761658387599;11.207919350763522;6
7.78495895493942;1.3941861657075187;0.4893925374065887;13.824487629130452;0.18406735923136353;42.23233692561198;23.103542218179626;0.991255397156547;3.2914806046964724;1.7652357267383783;8.768648398834467;4
5.9352625521247155;1.3492230075160405;0.7416414518360422;2.165915886896347;0.453339946657408;28.5574487511597;131.4407239374143;0.9939742989638516;3.2319134444879993;1.7803371198246554;12.222603144840722;4
12.473129968614902;0.39170807005556485;0.4925690707532976;8.760101290674932;0.28359632214393654;13.123980124977379;58.70731753883625;1.0007138971131817;3.8089485454831946;1.118369983915622;13.31591700509256;7
11.70705416861269;1.291859232301737;0.4831808633136685;14.233153419677349;0.6045786871187245;17.105434265110155;143.35260588904032;0.9921346273601096;3.018597442632893;1.188725981377068;11.086531649107217;4
14.5154337528557;0.7889528546373232;0.8382304210818006;6.564402214209141;0.04479224437349748;41.86057231130319;240.94015976888323;0.9988843132225491;3.6724572912016633;1.7257966372617861;11.13151211320949;6
12.90630279498391;0.8251345532446186;0.36140377906718635;13.011661138854182;0.22465414441561177;31.064155147885266;275.02313225223793;1.0025653401151973;3.702002552419951;1.5633943618533779;8.973836240801957;6
13.67933451334879;0.3148807597272779;0.8597946748116456;2.8519565542317684;0.30065820009887645;37.559853129107715;185.49350092678506;0.9993293766679001;3.272384009233833;0.7727988337024079;9.712615619327886;7
7.786990670055763;0.237678210085402;0.40680480095172356;14.556759549149861;0.31337699929424356;13.11809790645859;106.15530382094423;1.00111611540816;3.117571761016562;0.35821190296943584;9.405389470331432;7
6.605066844710867;1.182791388181697;0.3282331056783394;11.870780435957018;0.20124555760899643;48.06634391646417;176.74113507742135;0.9915541935911193;3.3375876872783885;1.1310992714310213;11.530970496299997;4
13.081946693541699;0.8448332824387376;0.453989911199699;14.643482134688764;0.4488149092094432;61.53025060077366;94.29636962869145;0.993484967470148;2.858381685883727;1.764383584579721;11.840161016179877;5
13.717232553720084;0.7578020258181621;0.7624469586748684;10.778611609866594;0.5359734970198958;19.313704981869943;263.48009035547307;1.0022536191675169;2.7983311409309444;1.8260439100725707;14.56811085334769;6
15.792708104607609;1.1850820138324991;0.12600202786399428;6.205697407191634;0.5742928618847399;35.897510034059685;252.32333105895185;0.9998097384574783;2.8817360633039026;1.926897749117177;8.87600477780202;4
9.26257974909912;1.2376488325270203;0.19641921587201738;14.597445118860948;0.4942509327029162;70.26244036048402;163.97958532914407;0.998780723115259;2.9776741899570274;1.7988706068133447;12.299141825507807;4
8.803804369458451;0.35200592479725623;0.951444825663092;4.923274934114006;0.521497538186653;24.660163579101663;97.91809305264204;0.9991105029459776;3.3803045618293144;1.2986727373478242;11.822240427633568;7
13.373466456384564;1.010928718237356;0.17549162738135737;5.749718822101295;0.3417766350713773;43.24829048958704;89.02927818998288;0.9957114115496293;3.818403527924625;1.0724913507242884;11.75551513658289;5
8.4510800048591;0.31761696012542084;0.5677273179310546;11.13180290282541;0.5067070476296619;7.40389471421735;15.457292501531828;0.9906768613226324;3.0392657616396024;1.6239992437119455;14.075535367988373;7
15.11755777932028;1.2170076256024065;0.5793144666619379;12.07361797307064;0.19379884157962338;44.027065176040466;236.87730084015854;1.0007540938030033;3.9276557536484082;1.565502129390546;9.736000059520663;5
14.300064095826034;1.0791545281500237;0.4896244620502448;14.469290864197646;0.2506887785034194;7.363855904627872;133.45844929003925;0.999314074277253;3.952733044347454;1.2286995282360287;8.665026283218914;5
9.447632509337708;1.5166573467818485;0.6447452485768186;3.8901151722206584;0.20183089527730805;69.10571590799137;98.01261873727483;0.9965095968012153;3.9578088481534106;0.47583671217264345;12.769764799622251;4
13.08484306604392;0.22067870388037492;0.22982672579761843;12.55077131420067;0.2919650139333073;51.81204829713411;139.32423046436435;1.0023247259613157;3.803704673038931;1.8765558491341543;10.64352351688387;7
13.126334477156911;0.20329989288083128;0.5526622677767482;11.682772379595667;0.1830621901269432;56.95934495763515;237.70285129866653;0.994648494637097;3.202057801813105;1.0908562376277757;8.51433445538141;7
5.765299717846038;0.5319931290520722;0.37217325524689715;1.8314005213025288;0.5880052539104137;50.991409614786214;41.2658207812285;0.9940786621564295;2.8323085669733317;0.9367674158001613;10.03393104738769;7
14.798847845479104;0.5020902982544226;0.661667259629189;6.553457861669021;0.19939393217539522;42.87076156142907;248.71664467243713;1.001957485947582;3.4623997893434484;1.3813775499318488;10.410624032409277;6
10.309351808660786;0.4805890466451197;0.14122354337314946;5.02837567307744;0.07072867832845295;32.94380745707088;259.99500033566414;1.0009249718578173;3.4495254338002868;1.4553093951488514;12.409449449097574;6
13.93896936701748;1.4431316875607134;0.5708774168394762;5.345560195568844;0.32756348246419764;61.94450996303543;273.91833995459035;0.9970840250210304;3.819469224229186;0.6818488214406033;9.521807661320269;4
8.216560491645913;0.48433745178027887;0.1852703553833237;15.251024441498632;0.046202347988660644;68.93533239555748;118.48910185560366;0.9918506071514159;4.004908634701554;1.7276878708326269;11.084853261697088;6
14.719412482007066;0.5170466001478012;0.2786430631150364;10.284550236806947;0.07821535661883973;36.43156827618977;67.45073434266115;0.992999273441354;3.385359779331387;0.8141949464161711;11.536090388715913;6
8.997978969696042;1.2287214631302268;0.21870980032358323;11.378071903785093;0.14341424412855153;67.1389884900236;111.74035162607568;0.9990078252293679;3.178409119420526;0.6417621562769089;11.385043043866592;4
4.722465461727371;0.7766201699777884;0.1828377798688171;15.158617504799134;0.29014579967940285;42.41663660918474;100.21412323348713;0.9953142616593864;2.9760951736764594;1.0086877542670107;14.730614983334082;6
14.83081633353768;1.2539974131545644;0.825710951560667;6.407146023881525;0.27151730845310773;39.22527726964675;55.8515572383094;1.0014627648704906;2.746095777518061;1.550035335098767;8.695777545636926;4
5.631539447683309;0.21543459004400245;0.28570756766089034;12.606866459410966;0.4910154253396719;33.268274039830324;177.85646763872109;1.0030083872271045;3.3865743894608764;1.9423151579944717;14.581293211940597;7
8.208244104771687;0.8318539427631411;0.9271237818644493;7.2441520642456325;0.4549453176765839;15.859431068638509;140.88463742394197;1.0010427749222444;3.4455087067122965;1.6814997115002934;12.182591890961216;6
15.335700227674096;0.16907585626759264;0.9699265253451909;13.595191608498704;0.2673646581004301;1.2640959180822025;250.99338082769304;0.9952121686611994;3.7876718693680944;1.9003817907092202;13.57223014730395;8
15.341860760394384;0.2114736770448176;0.5712604699370973;3.537600103145026;0.21188882033780232;18.14694210678035;15.087011276422485;1.000811909166132;3.380812749223857;0.5648116928077997;11.19755201710449;7
11.079848135793133;1.4433986818828402;0.1430011226657264;14.736218185138481;0.20156480165283766;37.190345183853125;188.21462349810076;0.9948566355926707;3.9039148028058914;0.44886525410234024;11.349946228170374;4
11.73976049751873;0.3232982418316889;0.37454824337958126;4.094066942798843;0.4756230572891114;27.97715661044243;221.9145326187718;0.992345903195368;3.537666015245723;1.2613669523841409;14.115622243602854;7
9.667434398355013;0.897334196121817;0.797732263348214;5.662819401921601;0.04319137132654058;32.842451188187;220.9346990802909;0.9905248154502729;3.8072270225407756;0.8147967966835374;14.223574225897364;6
7.913281720188129;0.7201995797970315;0.36739072869707046;11.940406617958995;0.01968016805685289;70.62602358904752;256.7589326880336;0.995323461627805;2.928343203205839;1.7128518048586858;9.951477729303434;6
8.31390936268005;0.6271212563379103;0.08701721830278875;6.648825066854938;0.4885310907640622;25.86933831752226;212.31654922074682;1.0023764777163569;3.8262768854839395;1.4522197452418846;9.695072210800019;6
12.199458553670535;1.4337566847034178;0.5567849109281879;9.77988610079012;0.29781067921744053;33.10498869456766;268.570247446298;0.9933249973252323;3.5974326951436875;1.9511160338562767;11.625528630154683;4
13.101832182645785;0.15186215929221467;0.8451208514960348;7.390773115613657;0.090397801993592;10.479604146050189;100.14181774931228;0.9928827093063437;2.9561959511966798;0.755503234071278;14.251800676329996;8
13.54484319410209;1.08913294181636;0.7959263871435024;11.738601081510815;0.15310399482210627;4.404999003026123;148.40826494068668;1.0032789590949829;2.980999718845434;1.141259470973238;10.495308107140147;5
13.522685013578458;1.5265558739517835;0.17512314013035324;4.233636284581719;0.5705698679053322;56.05407553606712;9.984544709058062;0.9904105560170251;3.916655786186161;1.16707159730034;12.638094999704354;3
5.630628964450201;0.9378455478542892;0.6727646144124667;1.7534866136584042;0.5268422823993139;41.51850543011048;7.968997206831413;1.000772352888363;2.7809135077719738;0.7294252474118182;13.002985970313908;5
10.18694944313917;1.487760794568314;0.2205042634356471;5.278969203106767;0.43716124508415954;55.010041229116545;73.95583358778013;0.9944470587971906;3.3274193779855468;1.315455977144973;13.461385321812013;4
5.25041398818808;0.1962965037575947;0.21820753455217223;7.824906507079082;0.30085291297205863;11.640258720945166;34.52843679036113;0.9905805859725647;3.138113618216309;1.07028759675233;12.065508976486262;7
10.809676370258211;0.7314382458482757;0.8740717733051852;3.353092762013107;0.32367385208864;41.59984275397105;79.63981712581827;1.0025704705976546;3.5846483487980034;1.076024998503089;11.015958658813304;6
9.58929466551916;0.4998303748045947;0.24966895274023015;6.080040428983275;0.5961714766350912;19.008615678237664;56.10325235153646;0.9919719285374545;3.8063293222126195;0.9357702021140477;14.685603927193323;7
14.631057265168788;1.1869986088718654;0.2632473465180112;6.7397520670861;0.590496495886688;17.192388999901414;14.071167029337452;0.9975852338443439;3.1976802143768435;0.35827201855064356;12.373649896468542;5
8.565339641838488;1.5526937521259803;0.0006533907612995549;1.7379209178487938;0.14094615842571473;1.818346997761953;263.333073432912;0.9938026183051905;3.2821656509000032;1.2018990456476977;13.135673875616261;3
5.922857285631946;0.4945338911686018;0.8706690341255177;9.416285823489387;0.4978516352168856;10.254191373404105;8.327146183056302;0.9909579259657555;3.9870355863167957;0.8898638856195529;10.642388497023209;7
6.215806007197045;1.0750949181521487;0.7925948132091347;13.811414048380797;0.13014835703404307;22.95803591647837;214.31124684739518;0.9907499442547353;3.7355739672925874;0.33220418120383055;12.75466967652002;5
13.205070138407436;0.4092225438292206;0.627328935090678;3.1154465291145654;0.1399089492524869;9.298392001956673;49.05785199822318;0.9916438822381509;3.879449246283375;0.8442659917954265;10.07568480406682;7
11.58586411547375;0.9453821716745504;0.7502657639388423;9.627996995662105;0.4169797274645815;70.99594926917656;264.1609830258868;0.9910420187291734;3.29722802022757;0.7953093162598941;9.993129963936136;5
5.742686240187529;0.7973414305649709;0.1520485674244918;10.605192391698356;0.25459565805394146;22.9129180452005;258.6612509039377;1.0004288015333813;3.0372767790598263;0.9870584158834719;13.045694311761272;6
5.550406909099471;1.539127781262044;0.45832359458757543;7.02228633412161;0.5699950998568056;10.253000215865299;191.05402442249982;0.9966834116751003;3.263066601040794;0.5501928227044729;11.789065785709079;4
12.520951185488055;1.008449818136841;0.3512193873487809;11.136024775518342;0.06531683120270929;15.134844210785;196.24226439357125;0.994740190284173;3.649436735646022;1.177831987140591;12.841297967745533;5
5.422221971915387;0.6302793032467554;0.09377652625701649;6.896680534968776;0.3184038588448863;42.72692921224483;7.510977177421857;0.9957681845559979;2.8789766141416937;1.486375388705277;10.151350189862596;6
13.887018669981025;0.28657984593638275;0.4861304852149241;8.26770440447055;0.5621943967354296;5.547090194399984;284.7186532101494;1.002722254538499;3.0834957641329663;1.382409900321136;12.291701716868747;7
12.580537166868407;0.34082036995300447;0.9207396503426354;1.007354450494634;0.5535640826272236;62.23282324002214;254.42662681195546;1.0024744396894936;2.79922759358622;1.6722707624405484;11.28556872307023;7
5.519241221253467;0.4489627177288032;0.04005911905069448;10.999113666366457;0.10576099883602898;69.26647722583746;259.31506188161603;0.9998175136592695;3.289081627689427;1.0848538409384254;12.280241864495931;6
5.558666169162668;0.48641132555683503;0.2914609134937939;10.555603112592976;0.23161598235777742;18.51906686738404;192.56620398539675;1.0021193739804835;3.7908560846941084;1.1968831896673462;10.290718259587425;6
15.749027237063283;1.3618994444480612;0.20754093620570346;1.4606528089646305;0.3828537186279711;32.956764069951014;103.57470080923383;0.9944236061357434;2.771322884138474;1.683371241234502;13.050431263719306;4
8.82925999204416;0.9393852708924864;0.23814665366569632;6.276451567968944;0.1074775359780699;2.571546023094292;258.90256769260606;0.9952607090202328;3.597660879045101;1.0442609552681283;13.638540880036526;5
8.788256261855867;0.884150730606575;0.9084345518793753;15.193864875558344;0.5918452810553975;46.49042595563272;88.49929066678743;0.9984287599168545;3.9242697606324493;1.5016709143323268;10.089457080075205;6
13.784635110009779;0.2875625529290575;0.4680690542342901;7.042753813501806;0.5599348479078685;30.38875012173381;165.2473667658434;0.9985637854021887;3.0408983841192017;1.0557859557590463;10.354033639061674;7
15.303908924437604;1.375803952290175;0.4662994129398188;8.228402914924889;0.11200315724164703;20.174151093210455;34.223865173318714;0.9966307517937281;3.620916247724113;1.0276194448343097;12.697502753174104;4
15.741812021198442;1.1753088826843863;0.7605756424552823;14.184980309131891;0.08457212129533026;15.685434853779203;266.9134433275683;0.9955269598957249;3.978379414397254;1.5995433929636977;12.921303632973038;5
13.113173493426041;0.2187958083740023;0.1544922040049258;11.372023387640043;0.06315968120215092;47.43563851377199;45.838039549253374;1.0035017758441105;3.9620931363936283;0.6219776488285726;12.976647948583427;7
8.851733316499349;1.1534392419554624;0.4872653541000508;9.398223914413665;0.5567567547579421;30.551409203294327;69.64579602170525;1.0012537037877234;3.038360075147012;0.8954385731424279;12.83754028104294;5
5.543558098694957;0.9135657973202632;0.4299852141210597;12.54794834757966;0.12798066206748102;13.755809521123753;163.95196675028484;0.9959944302952352;2.8674204375793275;0.704367702167326;10.953250160191502;5
13.381760149980035;0.23931900479029625;0.5969106905466561;13.51974749025721;0.26135467219806846;49.92674478556451;222.23831906027377;0.9999757235400029;2.9283188231278134;0.9297136047558872;10.96654888362391;7
10.909968022014597;0.7891189366318384;0.9995577032504386;7.570565847364096;0.2808619680255498;41.12013209560525;181.2764195799726;0.9937414302620985;3.6315852989723205;0.7147259533512601;10.05631455368848;6
9.393708704490832;0.8276565792098686;0.7694488940820471;7.836582128004797;0.37080761548392693;61.96571589999423;71.69389732244419;0.9914343062233524;3.66171377182566;1.2976074039147132;9.41941904932636;6
14.841804551570517;0.3620308286383826;0.3978657030174272;6.536343660516803;0.05496947090470755;9.340788820230996;6.266881035279765;0.9948701105680283;3.596280433267813;1.6629452403718015;12.901752966079886;7
5.856531550059509;1.5007192946204122;0.827553052274047;15.013909644269525;0.14782841182290907;56.782328738056385;220.27361422700528;0.9955584895376807;3.1668195524326426;1.643643812233896;9.005727108820034;4
10.166663678486708;1.3609640423617666;0.17070836331248018;11.078627312639115;0.5699627417644367;48.81969186402539;284.8136732328395;0.9902952356365163;2.955616713492815;0.9387166107964833;14.495649864114082;4
4.7282961858718355;1.096772612500498;0.030463686308960125;2.1150567666378555;0.5561376542538732;9.165776514794945;235.2054130466236;1.001167467062281;3.4775665867793615;1.9812298778434172;13.773460973864434;5
9.895865254533627;0.7949515190608865;0.20444837246427305;13.499210500370069;0.4799930977960096;50.332271820892174;136.23847293832213;0.9949622141405406;3.3542741661124906;1.3217367890586873;13.973787309722166;6
5.236227015204761;0.7211776907133824;0.34041155611425966;7.916175136209514;0.023621346125311048;32.349857510467956;261.7661349759471;0.9979752954179256;3.665619366845325;0.9969985039697522;14.293347294998737;6
5.942642453829213;1.070421262040393;0.5105807574595599;1.903807033768317;0.20787705432916517;68.09391977446487;121.98689149249306;0.9910773786106304;3.300527299930739;1.7253505963331806;11.055932309701062;5
5.928046588581285;0.916330529334082;0.6151291405411998;8.92587192538434;0.38814728247040176;11.05440589387085;154.55634584090132;0.9924534568075829;3.170072412251815;1.5488896011132103;13.903554701777608;5
11.936076413911518;0.210918734587553;0.9106057172144217;6.99059847304525;0.17683893685231195;46.6411707479174;141.02772417297837;1.0021876285389613;3.1127177932459484;1.5812898124962544;9.427398451895721;7
13.030307135699283;0.8682538672046842;0.5098540095504577;13.715141310994323;0.5568424303372126;28.12058322786916;132.67755596434355;0.9983603241297637;3.008567306463178;0.6575527140555655;8.540671664953532;6
11.192067045597904;1.2973492811599456;0.5012756446257294;3.8783212126970557;0.3916997876376327;68.93384161195232;225.37898771017532;1.003012868763322;3.07749789775706;1.112101593305487;13.501794065315027;4
15.472549797762325;0.7904902212915588;0.05024300982298213;12.966383298585871;0.05507212367255092;24.42821756560963;155.07560075726624;1.0036729754684097;2.860434657332009;1.7692529784770865;8.886178211980106;6
8.836037548617856;0.19585660322923187;0.03491155265622381;9.04225489130761;0.5564943477125861;69.31519957391781;95.63094553313614;0.9951347347708367;3.18050840387969;1.1717434727400247;14.825410337618491;8
7.828546574985026;1.2679661711006882;0.5511599619163721;1.6973104269166481;0.5857022282475572;65.00549542815318;79.05876144734937;0.9941396977328142;2.786443661700957;1.4713660815131542;12.786176792410114;5
14.415170148540902;0.4139911219185226;0.4381786132483445;15.088941399352075;0.058549738616643573;20.1972097070566;16.68249070178365;1.0017608094712669;2.9767455859012353;1.3118493341672217;13.297423116573686;7
7.126632975269814;0.4975864189365366;0.8391803949802986;8.384182563906718;0.33088378068192764;58.05146615467637;171.04423081290201;1.00367108763625;3.6883984646666748;1.736735835489698;9.99772506580613;7
15.484414695678907;0.36047127601115203;0.16067958471184518;5.146802071781105;0.19371520504628809;71.68789832804892;71.07908055849268;0.998645713610246;3.153345615619311;0.8052166024018763;12.780125060477973;7
4.737345563994924;0.6021139947123864;0.024971662117049598;7.753339893043168;0.24731060681236003;18.939073154161047;47.921899930636414;1.000899816640607;3.5886610115612267;1.2910437140702293;8.680929592157222;6
15.55963074179632;1.2248571983054073;0.44903876793012587;13.424723639355339;0.11961107955524979;32.0111790219557;191.0338797632328;1.000717378597064;3.650442903008542;0.5358018955763726;13.845867179503406;5
5.087707005041509;0.8783033548757485;0.23747855675225749;5.351585616021928;0.3582651891054351;37.93283229623994;198.78221996349833;0.9949097268259502;3.4781053852697843;1.4826519970881114;9.502556604705221;5
14.669917184788204;0.4191266602600403;0.04961437333883745;3.7130753887058243;0.5858296325960854;21.940110642074366;218.85983450891948;0.9978915625791015;3.957546131534056;1.552386290049029;12.932827434419508;7
10.563022532675188;1.4016319141019795;0.724598286847629;2.784440205190869;0.31334048756269384;2.083803614868113;148.5122616638214;1.0014162355400185;2.767228630611354;0.40153832638562736;9.859123258012735;4
15.820502196148094;1.4041895082292326;0.11159299995724747;5.248747216497084;0.061665834255294205;16.629176338024394;259.01745327269987;0.9994421109946755;3.6780888662469406;1.4585709092587351;8.844945601269279;4
5.433901181510007;1.3910445005671699;0.6083195000077717;12.288702070784634;0.3833807987529676;21.01751878826485;270.9849992116985;0.9903582511464354;3.957659037804318;1.0225325574568631;11.529708910571063;4
10.858553413734924;0.46864246861704734;0.28104975016688916;7.785744931850821;0.21579357367630297;32.49557879359129;234.4859759612745;0.9946559312103844;3.835085096278233;0.5372417831031695;9.500360366773132;7
15.553118652495819;0.7788094425042426;0.17349605035502202;4.2212314139256835;0.5246991885651874;13.148275967351532;185.87295540831698;0.9920377589876185;2.953223718592367;1.0312456046564409;13.141385924122574;6
10.511005639122683;1.5580848979656774;0.37975152291931746;3.326300994302338;0.27237221084156565;63.001059325108756;91.9530298663064;0.9932430815285029;3.1550617889396997;0.6543689925916214;9.944177981992652;3
11.712204610928467;1.247138215412586;0.8014457762229537;5.757850357051535;0.12751092575640513;51.04869042392486;284.1734128185226;1.0024027666834319;2.9590138366431114;1.0239844186459386;10.626071615532888;5
12.461960185526173;0.15966443498931732;0.3920935769045727;14.62289584413135;0.12647226799199582;7.049233906736001;83.58053531531856;0.9905724865949647;3.503661622044674;0.9718461766907414;12.088355133219075;7
9.736314031875837;0.21519870324031837;0.7507696492110557;5.908190003814356;0.47248974425197504;47.15656403093513;63.35190892329199;0.9930636856969214;3.644478737113955;1.5631140336832159;10.252293804252526;7
11.691406304949917;0.7973398101460059;0.1254862967991507;15.326611508937676;0.1710869713861086;47.40960982479905;131.12961420160292;0.9942863345774847;3.142683687091084;1.6229399821378192;10.856922755364751;5
11.202751724731034;1.447461500557878;0.7727714196650791;7.9843646541742;0.47157280310137456;68.89170332869756;22.085881511605933;0.9984719610601823;3.425173348960055;1.343737852822193;13.701541511762514;4
14.783085518548177;0.9065046250109627;0.23693332490664865;3.515793207036203;0.13532649914919304;1.2144818662874486;282.9139335021168;0.9973444650189695;3.6174691239904178;0.3678870264446874;9.564864022146667;5
5.113544097858473;0.8468062617300637;0.6773931298888728;13.910645340185237;0.20469013485208434;18.60320393621231;172.52669646584823;0.9930428303564631;3.2751015670960313;1.88480720604856;8.934310331632568;5
7.774884042392202;0.27399160193668065;0.5657815548409963;7.621188447768473;0.29082669649137993;66.8731950356474;163.61744194096158;0.9923069633355793;3.8245997236784333;1.4760095777610676;10.534325603364625;7
15.339649770065114;1.0788989528974693;0.9291447172116873;11.261201615166057;0.576974313966377;67.1815079932781;191.59034721162072;0.9932951892311991;3.719868417815528;0.38710640136838537;11.158448985590208;5
14.659980757967354;1.3202706144763292;0.38732251797531403;15.262189114853616;0.570107123427541;52.161635775315254;146.65769232094948;0.9969144535156765;2.822125240690225;1.6974509416875767;11.92728533388769;4
9.748921306478557;0.675413210961041;0.06616518883444045;1.6325601146716204;0.13591625337795038;55.36919579437534;15.073975337755268;0.9937634414413866;3.5288291298453527;0.6644444783790535;10.820754025137546;6
11.607498355157365;1.2523933023509781;0.019155485551252904;2.31174057289848;0.2265732057046006;7.495290013004945;179.2840947418323;1.0029763460718972;3.0388634497188822;1.2972993865837483;13.534426051448234;4
7.734407367686799;1.5281359146951847;0.8268585609727531;11.418668425356241;0.10149023368380962;37.48518426925459;208.67720717866987;0.9963878443158609;3.4480481961274396;1.1092793978168125;8.655576669845077;4
6.725769104878502;0.41749903032642605;0.5247356376614322;5.014645048113891;0.3174810625087848;17.442392381518957;123.93998415660704;0.9908708017453379;3.9552483221438672;1.031130766532978;11.206488998290627;7
9.839791975821798;0.8840612615443223;0.7752440518349493;3.590800395471446;0.2878889478661053;13.866481096566826;220.3146468961476;1.000002608447495;3.8564087457813576;1.815821912607744;10.88466344526663;6
8.592880176694397;0.5392214188034803;0.2344256000115147;1.4746834453680506;0.5515553373079887;58.53153423775661;70.24136771277304;0.9945488728254064;3.2537358319562175;1.0603933569095665;12.609260190244584;7
11.195314063914854;1.2775674517894053;0.34508374551323373;1.2189619949985464;0.5690732212968524;10.587707704318868;68.62127527173007;0.9989705192546333;3.110222600097329;0.45582467634716173;14.680795637333073;5
5.478401397704328;0.9632863141864899;0.03010387221131894;12.207489805548947;0.24175686721336798;34.27426622674335;51.68100751558343;0.9938780753265264;3.037695295398489;1.9108866744489708;11.717440143087604;5
15.610661326627682;1.0464903296234436;0.9614923245741122;2.8627280395954298;0.3065510278683747;67.63905501060835;111.27451702033281;0.9978435297624078;3.4162938845907806;1.867293836170178;14.814699505121183;5
15.744181412619513;1.2849546730392052;0.6678679067008134;7.728720993178803;0.5488455132385337;14.194075945139321;245.70440601511064;1.0005867171154776;2.8850955356377317;1.47300259160127;10.364621066935785;4
12.48922736842312;0.6981168900871841;0.9332050877593062;9.746093501620452;0.4952179768392918;70.43753308541466;240.2991135881852;1.0027094790629694;3.4375792603228756;1.1113805219804818;8.600642861525998;6
10.657888939688561;1.4560314998742832;0.2654964074290723;7.153936288305156;0.014190130495444916;71.59444698903519;114.33925085367157;0.9936265517071785;2.741693722153306;0.48507531981568053;9.476810588596683;4
8.097662064035504;0.8982221461793644;0.6114636112256608;1.2957571241090033;0.20371567894596593;40.448817982450606;172.72060228240696;0.9946307516726061;3.151289031047223;1.6505493580243853;10.968311751034687;5
13.79588372268852;0.35061404133960805;0.6784999682926378;12.339121937783469;0.2646427709197394;13.080134552578212;209.9910175624011;0.9963933086442945;3.019316578564838;0.45604811708812837;10.45617040972559;7
12.337462249858836;1.1360127125264516;0.31754970025758844;1.0534930783081409;0.1496000539262558;23.44344704380359;74.26151721973051;1.0026981212899642;3.9734478632501933;0.44456364477489324;9.030851851391954;5
6.437571414597271;1.2781615716398513;0.8481092350156301;12.023592457911267;0.1315433979216673;31.138991120033996;53.583927308213426;1.002346888989761;3.663597745853873;1.2274310168737448;11.21229069998966;4
14.893477184780421;0.5824720485185889;0.9471614629002478;13.94224560930659;0.03463291945081212;22.96201992943383;281.103166079084;0.9912941421749707;3.184059793187042;0.5974141611083492;10.597752515787159;7
13.89467084503181;1.3714817152181795;0.8848551176960043;7.219462847434715;0.39737846531678656;20.92512617123262;180.76871963832204;0.9918668842267669;2.857913259893888;0.34290954645838284;9.19702493297335;4
15.332739020198742;1.4429691519580188;0.7390669759393725;8.718920107227854;0.16924366399941623;70.02830935436138;283.74064927892687;0.9968188349952433;3.396336755257092;1.036599429762963;10.324761348977407;4
12.800630444788467;0.524280551571601;0.27746467972495403;7.8639575322177455;0.04335595988035654;11.88890274651794;101.58494435842083;0.9915221544956099;3.011078809284074;0.5591527767888101;14.161834359810038;7
11.531591714074425;1.555941350164224;0.28161604210563174;6.582445831902207;0.15035660700631012;53.06628151889722;204.95797109267923;0.9947768114950093;3.4212655232909146;0.5980607435187544;10.363317625680711;4
9.326146310083994;0.3254388309511873;0.9633603204460379;13.85639821640726;0.4923464577488398;1.0291305501814159;68.99682914117028;0.9920910088513221;3.800910189807193;0.4584407666880089;13.040710251073335;7
15.13983186190035;0.41494287586763534;0.010284495935692028;13.95142925578186;0.5220420198062814;43.32896952756876;79.91964847051736;0.9987328696368962;3.5220565411687597;0.6725065687184286;12.378306017775412;7
14.386521951354615;0.38896826528751816;0.7160499732421445;5.802918923766405;0.3013566808707883;66.03195328073772;150.8683003193036;1.0030021277802874;3.5449112928221527;1.5248585802232304;11.176677555654416;7
5.11097097219994;1.4252249766114908;0.7062461625552622;9.88001840861459;0.261226331574803;21.44332068061855;96.45192951878415;1.0036455139514096;3.4271084671097705;1.6809086030537117;9.95366663922385;4
4.897946811818947;1.0752671263944444;0.6226895409497974;14.432850407329616;0.5977343624075673;14.172344243298063;53.4369025668854;0.995180784224608;3.9176273534418895;1.085731185528932;10.798595545748645;5
8.85403604572196;0.3420722535045184;0.9901088460868658;14.946054084543732;0.13213823109325387;47.269265436368315;80.39523866297925;0.9982285521175011;3.923516409214166;1.1759448725219674;12.248696887561778;7
13.759252637834711;0.7628721908177895;0.31187943576372523;8.330801990161893;0.14100021042991048;51.59469991818592;16.116795633839693;1.001732365440998;3.3911584653634113;0.3845339077723184;10.679895895870807;6
15.756220261258873;1.0183351166019108;0.3399718637932482;7.511242157151171;0.18682843904480345;49.85016684559067;205.35188487812871;0.9916698334314867;3.128314548672251;0.44575815649009914;9.796826818232507;5
6.299710869469868;0.2418575640844996;0.07893940294655555;4.968937012556476;0.1154816336503713;23.671498481517556;145.26901395529885;0.9994618672785277;3.3236754974668936;0.7601381018346932;9.15700786779561;7
11.313677083479128;1.4083278978747145;0.44279813654373745;14.899529348579986;0.23923999332430776;18.90637055331249;32.67078779248075;0.9956384506726954;2.976928548488432;1.2383103625909564;14.118485096412176;4
8.904066679930544;1.2932611617446415;0.2610485262348481;2.985088845303863;0.5575897019668625;68.87023479730514;54.589400055363015;0.9928777107030158;3.5481572804539736;1.5650504183874383;11.262034342387388;4
15.560032695305017;0.8576018894218917;0.3433867021776442;9.365511810296786;0.380593356536516;66.55426508716499;35.01727428587826;0.9955555042873402;3.375117266443436;1.3403551124345152;12.463854091329047;5
14.115943831433508;1.532004858278389;0.8345717902556277;5.025233905772128;0.25875598261874594;33.46947930239024;179.36376474207304;0.9911045791084622;2.871191606822866;0.9848535178279363;11.587667347389235;4
14.073114363235858;0.7299310297416456;0.9354845135274957;4.973521039077831;0.5717120659481576;61.079764496960514;32.66153290233574;0.9995414453637863;2.9910126820219114;0.5276012019152407;14.071682369326762;6
9.896232705683165;1.556801065793287;0.18573307200518563;6.812541375692351;0.04103007525301757;33.114966912035015;219.46190024896615;0.9935123551483539;3.349132584373399;1.6338913022616064;11.955076540913371;4
9.287460376415616;1.0951631982532954;0.37250893155346587;15.482376862908556;0.13795543056321496;31.131620283148237;11.804590167670703;0.9943113448855112;3.8672380182129498;0.9375227061704252;11.525079216669237;5
7.689499912816981;1.0466200589507544;0.9286305621153941;1.7025080798614023;0.3509672744559536;12.130169279549921;76.57334800283746;0.9917191272820487;3.459316215201494;1.5592102041862588;14.409906437741132;5
5.237043112155476;0.3622941471318461;0.06180846068922263;9.34671054577156;0.3807160212927143;31.27483001093007;258.05866927740976;1.0018466571311804;3.605549450264758;1.186674665996951;13.077982374294805;7
14.371362851682102;1.40761452712478;0.09236052811137851;2.105553507315047;0.03569494643100527;39.1566026405863;209.34436302859564;0.9967907110838309;3.1705662581747656;1.563565629448248;9.125074397754574;3
13.785781403169876;0.7441349443640981;0.16279098920622936;3.1560041178615768;0.25342021598637215;2.597807247436739;26.650038217969623;0.9978626404754507;3.4656924691661777;1.845173567625795;9.555078997779292;6
15.896809708133276;0.35686077244241987;0.5952128341268748;7.317618949884321;0.4008432249336928;32.53202336745386;238.37868756930587;0.9978256731437519;3.3081723747503458;1.8681192918098493;13.516298609106371;7
15.86199625893513;0.1384069791646082;0.15047227100599747;8.352717917658042;0.43014425729563754;56.47629150605922;145.52893939587796;0.995660916220053;3.577094989031414;1.2236283226010076;13.833033587669703;8
10.87637827330969;0.9372432981120385;0.9680763814507335;4.67836916212205;0.3942458016072453;49.28327000257316;245.63959668877868;0.9926922574482675;2.8042309689203435;1.1842189691586167;11.943740389086928;5
13.28955779153977;0.8900034482991074;0.44671452725852034;5.520274110766477;0.2040173713921938;46.09614620933939;176.00935616946134;1.0002187080345482;3.366491274623478;0.7736830373897382;12.003958981133156;5
15.275852747671436;1.1702562886589716;0.5015179603501664;2.1697184957366225;0.0680185540351478;65.57843541904138;198.958748065299;0.9918005063341715;3.115910633932838;1.8927857186539165;12.50756425853439;5
14.201015514654749;1.419776757405991;0.2466586158054065;5.327008844126058;0.26784035540518114;2.2802726975913306;287.1609415919854;0.9914847610235974;3.154255027822945;1.094725009223367;11.254252532837157;4
7.395033549698134;0.2359336135788231;0.4709602524347335;15.011753214955943;0.08912390798346523;40.550378619648626;71.75095949649715;0.9997421754120643;3.960365138078738;0.5430773696099198;12.821294302645377;7
9.691148729004055;1.187984875896929;0.6619136326370115;14.692727772418232;0.5796265714538796;56.9017682370892;182.5765976574729;0.9929143602185561;2.972022412143456;1.0526172074263382;9.105128174181703;4
6.059501391211893;0.39362143838247005;0.7511771369540428;5.7892230359999814;0.2966273487475543;39.43481217178997;136.27095338624375;0.9942482448734256;3.1352814707748182;0.5421789278974666;14.648315075388012;7
15.380776608023563;1.3729384976094594;0.753868082709913;9.23446746966992;0.20203824543976368;23.99658423320692;17.164902677121674;0.9965425981005637;3.387563571178207;1.1692279127093153;13.276006354666992;4
11.449773369294945;1.315832730238018;0.5778911126940883;14.180092710219787;0.4710161386002211;10.673790121530429;10.095191545310804;0.9961901649338564;3.836044224150022;1.2673301098098744;12.502632326058546;4
7.183663702189129;0.9095588822788948;0.9043597749938572;0.9902838105570915;0.31027120695677607;64.01697809894958;39.741687522454;0.9997208476833853;3.2691710056720904;0.8940521216942874;10.456093370561625;6
12.19021773378618;1.1569544859900347;0.8174078473061094;12.73598012692884;0.1977103803834576;34.42412985951981;189.69296257240913;0.9985611410266986;3.6847089067279772;0.4496565257665794;9.44621066846874;5
11.584849117174222;0.5789511652482726;0.7570481146986254;14.746195470718217;0.4983686776920902;63.3461789859848;166.50715387949;0.998846675730279;3.827595104732799;1.9056509045075092;11.06072926488814;7
8.647238713771097;0.8079051324419093;0.05560552168046062;2.233355721269933;0.5314241384496721;42.59550069275495;162.62056580933486;0.9997954199835273;3.1337207718937483;1.6214996995173274;12.700248813731381;5
5.883200791855808;1.3195898706572886;0.006877962219649314;3.2571362160806467;0.4151318916069175;48.86764027966505;15.015463795497604;0.9940553853475076;3.2387927330941615;1.730931404443552;12.519113332250221;4
12.188777110198636;0.7905271878728922;0.21244727719547296;14.92689602046179;0.040131689022192704;58.10254196086995;138.812747969882;0.9944601797067224;3.1928264040842125;0.9426702184580031;10.887167507926215;5
10.479477020212865;0.642385467375145;0.6635235939134523;8.748086097149056;0.3512274052197527;47.80004366660954;267.6682574494356;0.9960355293263374;3.7977268769447594;1.6005878201324824;12.386361559915343;6
13.327197826612725;0.8415501729854378;0.4111974888825458;1.107270863287166;0.4692136522863717;29.261893688204577;118.51849901491299;0.9942576347967166;2.7963205146810735;1.1405727349325543;13.68936392118906;6
10.477847562565525;1.3292439085583387;0.40240625929931173;4.661427181947526;0.09376530423806571;37.46797025893422;182.85305895013315;1.003484853775383;3.1316947828124237;0.6658094256380968;8.570851020194446;4
14.229650953599503;0.6094037491614741;0.8845868882296137;7.469177644325351;0.14897378007937742;58.01623225198747;226.6886852013496;1.0011573872378599;3.6028488681458146;0.5377870394350461;11.329036811546793;6
10.836547278151688;0.37369192597818596;0.8955628481318387;11.016470100961609;0.5406145679358138;27.529171042481877;227.8508539971542;0.9923125968540472;3.4581132444479854;0.906234951767835;13.330608985034143;7
10.938599078349865;1.15954046968294;0.9091752640535857;11.604141520797274;0.024052911389991348;28.556623430563292;152.95626331786178;0.9901461924031111;3.294087486302992;0.5597120261634833;11.949939058011953;5
14.506185710039299;1.3259281905537992;0.3138780765150273;15.433154088711659;0.4628835555577596;7.793998240118082;248.80040054886118;0.9906527081135278;3.425734248571158;1.9971091902607947;12.634594571538955;4
9.159356388200086;0.2669307186443587;0.6910558127392618;5.097663511002882;0.29579020221613933;65.93549490074409;116.76000042194039;0.9933941442032046;2.990932424001964;0.4121456136874768;11.758396551934723;7
6.11437208149224;0.4702162046236793;0.27163318127436964;8.758013487279738;0.2796165231449245;7.463578361126363;257.5001797840979;0.991626647313098;3.287010109442173;1.0667098109463578;14.847184540435022;7
4.92524424234073;0.32727910505105107;0.19060983307444979;8.686523798750233;0.016250822964437417;47.02285159884747;73.98428808993933;0.9973340651248368;3.3771627899039633;1.0849961823919414;8.75503998717875;7
13.133050989111895;0.6279944609099632;0.18463245734736922;6.822420787929667;0.5028195403489292;30.336807994998637;85.3012431783316;1.0017558949335466;3.884510184882344;0.8320553207313981;11.591791341520452;6
11.60949793029415;0.7775124292019024;0.34210762086359403;3.3697636500993347;0.2275351154813033;29.798976708136408;21.03313664831731;1.000104538008838;3.07126065676105;1.2841571147305988;8.994207569244365;5
12.556101379521227;1.2132864519664275;0.4299576197798217;15.170865822484101;0.3359186131490252;49.24818039666056;231.14965974146605;0.9930065954391795;3.8421421977494643;0.5804616303330796;9.438606153738208;4
7.006495025050691;1.0706754739272442;0.8309491710550684;13.358430925332156;0.41770311111506;5.76365501672139;124.02663185385568;0.9955084558670712;3.558186579048997;1.6391336755806802;10.889749277718703;5
6.140997674130498;1.0265557085185095;0.1198910934727121;8.175662213095864;0.43287511628631153;43.15311058955186;70.84000173692593;0.996987519133816;2.7658328554558533;0.885187689473556;9.411010594753169;5
4.764354722047066;0.6344674220500954;0.7349258473948942;9.707383171186835;0.5846320552368173;55.81425680403719;71.59664856549205;1.0011050036702354;3.66028179786223;1.3175421249637316;14.663966578718231;6
8.561639414514545;1.3485134275037494;0.5314549141893053;4.21801138197107;0.33027263198872886;59.803105809948185;261.096183367873;1.001498836234306;2.7851508844873;1.525117524231822;14.554133548713533;4
11.266069861457353;0.8080792644013203;0.2879453426759925;8.839291227719505;0.2514320110336821;13.107657646958046;241.99839793047343;1.002460363408184;4.006674031053542;1.8147003365425691;10.584712700433926;6
9.032357709626975;1.5494932095021254;0.4928195845328246;11.046563943573547;0.5832684722685331;64.71675255555033;162.64924055608287;0.9970059203118491;3.848248593367821;1.725765018875174;12.558360128244917;4
9.543466618868138;1.0458475219117758;0.29994206977702265;8.421438614444195;0.39662403078028713;47.5863725211684;180.35935651764908;0.9995260220464565;3.117626559375858;1.3458760769329445;11.86939658385961;5
14.816993247779358;0.30434652268417395;0.596081955238306;15.358163490540143;0.19059206340965681;63.61169085826848;140.23413646573235;0.9915927210562062;3.066912262349816;0.9786166112410912;13.701315373352497;7
8.535286777363293;1.1072192406301338;0.4338439228552442;9.825588181216803;0.08775208299673912;35.454930914824075;116.8416316347029;0.9977692356345732;3.2244301742741235;1.1703517990251897;12.478396463810125;5
10.408081227505862;0.5946518625302806;0.16440552907887873;6.316216203845668;0.5166901463776435;39.484367501901346;265.0799573847878;0.9934571824449968;3.1923320459493425;1.6137871049426002;8.401640954188654;6
13.455279043974917;1.1220377071617023;0.11658307455569672;12.173419603191237;0.2289467800736968;66.25171766903566;41.548395096245486;0.9959499839740624;3.212869029349434;1.7955010560743199;13.360633506463302;5
9.080933440230353;0.2216760763171124;0.5466956820721302;3.3887526690919736;0.40762136309729424;64.89357757818169;124.42044148969251;0.9987057679231375;3.14421121357174;0.503315820055042;13.254512788424769;7
11.62957971257497;0.3753268982769007;0.9024130332861034;6.5139308801114915;0.294019035200173;32.819422009199144;103.51101996056872;0.9935701484735685;3.528839426697381;0.9727099583633994;11.713197586182126;7
14.34470990883822;1.3693763980024478;0.34395768655768555;5.9656006755127535;0.13115893809722798;20.483296846133403;146.976653831075;0.9907807604871919;2.9486148529251928;1.6261147193505459;14.26897332601485;4
15.329583047331356;0.4516821532543317;0.7330001072226232;7.204383588573548;0.3724102785636586;28.915100854062754;135.50982049628453;0.9902093851242872;3.8143962414064365;1.0508584435319148;14.304900336987611;7
6.261930334498128;1.3420800428546924;0.658661354939767;12.313985458559404;0.04834915830145871;28.53126732561223;152.84573745725604;0.9903718128741164;3.7717511547197704;0.8848203659906939;11.805425898578582;4
15.070440164324888;0.5277430891434391;0.931554914309481;7.968926269585749;0.25959213346284415;21.36754812377837;45.59707055523933;0.9901837234249375;3.3451336739761937;1.0169089036948602;12.351923502777495;7
10.160914111798782;1.0586075886857131;0.8209810172991409;12.492610973883057;0.33942234885853895;20.069151907640627;151.2190449282574;0.9915730358703183;3.8229670559037556;1.336750727133206;14.87739346751037;5
7.518161587778229;1.1334598373243532;0.566605258905463;9.316737985842042;0.27319213749702886;62.13546849006008;74.60452433008068;0.9933318362924451;3.0538742389384725;1.9996745907034486;10.342331526274215;5
9.788234045492352;0.8684759395917773;0.6570304982341073;5.894213746000308;0.4604546329753435;5.96019636861098;58.16577176365813;0.9930830370231629;2.762308128744038;1.1532973566045681;10.510012075024603;5
15.674368100725891;0.5657535879772277;0.8983864665840349;12.725689657778698;0.5079270477726421;49.110393929071186;24.348083916492115;1.0035101696127302;3.5263940647878753;0.6781857731736152;9.588030367312726;6
10.166584462119427;0.43046078950180033;0.3995187845869348;4.379029190075137;0.47397460134587366;13.270223653408113;221.8306741279879;0.9942378031529459;3.3215449468451883;0.6019537807160882;14.223135104526143;7
8.314893196248843;0.16845645766114228;0.32679470585777737;4.175991505077014;0.035248955739269464;25.45991843097849;126.96606360240646;0.991805471069355;3.460298973795756;0.40072407828561185;13.23917453467023;8
11.757429653779003;0.5637617458114568;0.010811083635196339;8.265742691200602;0.12828313349713735;5.369555423573417;183.3401623772276;0.9975005618515649;3.8821610494533716;1.263224782313597;9.086678517656573;6
7.313645492193581;1.073617674175673;0.8265510741914642;4.708398991046498;0.3334278980490008;20.168128216737806;211.90891615524237;1.0017553805425141;3.971805478428748;1.239435392786353;14.781487782786776;5
5.457255607627902;1.4899250349347848;0.8009807004033649;1.0326707102877584;0.5719584022258369;55.55789604932419;198.24661628373565;0.9993051823318482;3.5457554874896156;0.6727406577231163;13.151251103047255;4
6.056340857590336;1.3919585441040558;0.10445451810015138;10.365143898562502;0.512139108256218;63.83608804285536;139.1517035023801;0.9941026380540249;3.710350599112597;1.491200108775787;13.928393712432335;4
6.046917980222828;1.2384545737415418;0.5768573811327002;8.36196979349701;0.5166781705027292;16.72842778506806;115.77528369333955;0.9977192120963596;2.8464367105286987;1.567648759521567;8.712980129625807;4
6.316500436688926;1.2711331211498162;0.4639816981668874;7.404560091600153;0.19362170806204526;33.91189658738345;112.39665442830784;0.9998063383686095;2.9441087928122123;0.7626940029881257;11.68224597312409;4
6.168747050938334;1.090877959074953;0.11870909550911146;15.017740313427405;0.2692392903501428;34.39300740354165;187.13380953120594;0.9999867831860486;3.6711701022902803;0.9046466059296601;12.940888863725757;5
11.841884616276324;0.5000188120463644;0.9805682270607236;9.23950808585854;0.2939528624422465;63.02384670894113;146.02680244855017;0.9991482537611545;3.2878341296127624;1.9840876928199185;11.929152799716968;7
6.655244953710336;1.4445047448305117;0.21469588746335544;13.506101035725013;0.10626557842659633;55.15873275418218;246.3044261807485;1.001930437985444;3.306375893413595;0.9550216613107261;12.733208527045303;4
8.506040301559654;1.0992691753825177;0.06723418009056115;2.9359734485953384;0.03060981001642933;37.42848250413154;253.54066156445953;1.0019208363426466;3.1319317556770048;1.60053879183269;13.716181413338072;5
14.733709031937934;0.9382433212314423;0.5948473795019096;9.210414361689644;0.5791948367768496;48.62305123349591;54.26858697584473;0.9979551159391233;3.5113426070167346;1.0860514624719997;10.833190909241276;5
9.955766534970458;0.2820446250516824;0.7388666771330327;13.572502550271182;0.15618683881244053;61.162208827565046;44.554123387440356;0.9959246437472947;2.9751596076785773;1.6548858625278298;13.916346391521614;7
12.143402445287606;0.7727010939573811;0.03244344604718696;9.41334405628651;0.15572939333045516;1.677265735813691;184.40346206818785;0.9988081874255966;3.5361836747286475;1.614268808767022;9.45895468097439;5
6.5472145445784165;0.7921230759548124;0.6587176387270222;11.383007000654223;0.06194405320748696;29.60519220455345;91.24688670162507;1.0012140474586657;2.9607245485617546;1.4451525620815544;10.160759357671436;6
6.77286591253798;1.3822628699030983;0.5322918759514544;6.331836090058228;0.5681761434143233;65.41426487667259;11.255513410522976;0.9901469816679369;2.8210590640813367;1.7574798383136174;8.681746529527619;4
5.061815363811211;0.9181064014741711;0.10326500887504841;2.2497629487411723;0.3592625318489234;53.56222518992055;257.4858754297163;1.0035809992627822;3.1595542646478076;1.8984948864457343;10.768774273679133;5
6.508966212715459;0.675384801496798;0.17252387694636206;7.585344308855243;0.41155507741808695;39.5417375777193;70.21291712999773;0.9925610131791237;3.033548234352507;1.29857214515498;10.869412041356782;6
7.748070831061132;1.5461284796255628;0.5679742973160805;6.65939910624732;0.5580345554705685;38.60476141949447;268.986424427084;0.9964747911846888;3.8690193809665416;0.7265730750619854;13.634258881847131;4
6.600218472327239;0.28165206625642086;0.2963576135132884;13.559078662732631;0.21902648117157292;25.691676929915083;209.03394959854577;1.00194704498856;2.8097908864131558;0.9957103659456052;12.645349356882765;7
5.602338631454728;0.7369207053354391;0.9383157286513161;4.462331414346095;0.38428287937171235;37.95695788854753;221.83093764495007;0.9931350502349819;2.964299389569136;1.5963705415671998;11.238696628011834;6
5.963185343436789;0.18135602575025173;0.8187402294840508;15.014319722012578;0.035240873382603594;47.532207161905184;63.0136033094644;0.9965639509495232;3.4368738990904726;1.416975420156862;12.638740861054364;7
9.8068000787698;1.2002600163197181;0.983567206513663;14.888816549145643;0.12387674441044647;30.70377572844431;72.27702244955806;0.9918757692940676;3.3509553323762917;0.6269232254039654;8.743091778351992;4
6.931571017985455;1.4603917662107597;0.259670838950414;4.515421988843005;0.5099162372488755;51.70487339384435;153.5187743322106;0.9954509395517872;2.7982320633358713;0.4155700337145293;9.571764984119445;4
8.716249429843252;0.5288545011437146;0.969723632797977;5.981558549968879;0.4712942454466631;62.14748813548739;54.70425829991099;0.9924825848942807;2.7492105835792335;1.4705458612152484;12.475161059071407;6
10.288615160659884;1.3731788481267166;0.43123386979155787;13.975113816758721;0.222034972182831;11.982624221125143;92.43716902929813;0.9950226099382632;3.9948462862906604;0.7493019701290067;12.568884324964465;4
12.401461563511827;0.5466386164743707;0.3475187953137546;15.012684425083169;0.23770956603675328;33.059838620037134;96.97388125922866;0.9951565826327169;3.5767200694557246;1.1644493070275193;13.431875281598277;7
5.044227180204418;1.4497244360001162;0.05034952696935324;7.374210901406244;0.3315991056985941;29.96942648124076;51.175271110532236;1.0035969861543292;3.204065786244977;1.5770671100960325;11.019498433848415;4
13.633337507672183;1.2207843792513047;0.05276525785960262;5.586556866357109;0.012144361806395595;49.810001087530694;64.06674185083048;1.0036193534591173;3.3374489545323165;1.2696535236960762;13.096601628005015;4
11.695274401247257;1.2951638941885002;0.6920112559466547;8.580972593472513;0.1565053572867787;18.740590033312984;229.1601712883366;0.9916333891153576;3.0785186529769444;0.4691153137967;12.845872161641232;4
5.523877061022253;0.14628957117666355;0.4579289944340279;10.941430412939727;0.13673085335632046;46.45781496161162;53.31642683687695;0.9999576947744521;3.1779897052903765;0.6399189954285376;14.662056959404019;8
14.471438452406582;1.5257031213280778;0.2265216260361057;4.8927279244747055;0.1620392851031083;63.30173616293565;14.053441891830063;0.9907747734330932;3.5642864734306317;0.6962780673316349;9.798346471760414;3
15.005858126009489;1.180939648422672;0.6139703063252326;11.652508349438463;0.49473759967753134;30.68734358534721;184.10744876398957;0.9904812152488925;3.8611709845615607;0.760633303586891;11.985917164392157;5
5.2901809463599605;0.5649365992637546;0.2528581182501112;1.6541974138737592;0.17952464007131946;65.68211469852463;282.20322278806333;0.9915046476396164;2.973845129313105;1.2742236645573422;12.31146887371805;6
7.728717424063402;1.3309162106939163;0.5776317543444226;1.6196995943604802;0.12672127190803875;71.51462546427697;99.73350953834336;1.003219914648448;3.807259111839355;1.1716228523084071;14.891211252072434;4
13.710074461661593;0.5310209496857977;0.35920874698269034;6.53980049512496;0.3140538130150259;8.532535546304597;39.5795640045394;1.0028845615223259;2.894376919488202;0.669277264068229;9.707696924083237;6
13.05533450133534;1.394220605766547;0.823552226611819;6.060708604086521;0.5305213767872664;17.546776346924965;167.4196130790112;0.9927112969122228;3.013040123957257;0.4428165885709974;11.8009171297874;4
6.685087518727064;0.28436737000142803;0.8206961607667793;5.508244944360423;0.15656847259866244;68.47696235522862;262.4982417400679;0.9922719772102415;2.7872126158230506;0.6162917814727792;10.650204500138653;7
6.965647353704826;1.1473815270927616;0.4773503981224013;8.068888534966085;0.05904320943288642;69.04126574017846;227.8894836914595;0.9933460878783472;2.9188310648581095;1.9739167920730676;11.818304295763499;5
8.786334761542616;0.9094197759015691;0.3508191093350156;5.58271030174894;0.22548643677394917;7.937216552459853;182.17199076079862;0.9970917500593034;3.904974994739344;1.1124734061517587;9.908835913670188;5
10.075109732658541;0.2609403264853436;0.36255979655909454;3.706965609634142;0.4598434429144217;2.0648935267767046;95.16098853995062;0.9978293770883223;3.323487208205341;1.7784669928525279;8.709480459778673;7
11.586278918292344;0.4731649892579049;0.8057145256682179;5.418255416693573;0.34186363627218197;12.43810165120598;159.35208903717026;0.9930881025225853;2.8386356444585092;1.7474166193369682;12.121675450334978;7
8.768724127138428;0.13810989296487958;0.328179482797612;15.13360238302943;0.5012592283750341;71.71690762013964;31.822290089104268;1.000375202373785;3.9588530843094807;1.184237660962999;10.583053053095409;8
9.826642292304571;0.8044012295781785;0.20905937370684602;6.90225588812479;0.5867956964179312;13.779972779358767;198.1415550714296;0.9942861141672641;3.8563202308534854;1.5101684731291076;9.582619111364819;5
13.046421600911449;0.5598472807096005;0.08468834187530683;7.392806542131702;0.4868048235742186;36.680880077263645;211.2021733480352;1.0026294286537105;3.698446801502539;0.6518958573892295;10.50558117950722;6
5.014520192663756;0.9936019270747278;0.4666931208844084;9.317556853286645;0.3736780442274083;61.23765857656628;279.103949283507;0.9990145632619406;3.9255104457733982;1.4796224972279368;8.720321309410343;5
7.452537471087434;0.5539671992545812;0.4821320989198419;15.256775218847707;0.3075116112433759;2.44851435886265;79.69245252485527;0.9960131032664152;3.0195643644614205;0.7848822473696935;14.577874521585672;6
12.660850320495443;0.5578819028001976;0.8409087104029072;4.42737863596214;0.03600138272261173;43.91871774035062;11.223166589175408;1.0008286014631926;3.8021890021228097;1.7195437015794317;12.177461447326193;7
14.715837265865353;1.205062070148141;0.22123869644606398;10.846718813773533;0.6016088653096107;20.668806869743328;160.4071954328836;1.0012099972067556;3.6162888193699687;0.46981930229187957;13.695996428755663;5
10.381955095907028;0.19028854052839603;0.3809912736683999;11.353376525709173;0.24170519242245048;62.22577906722094;206.0217127442985;0.9940263594683938;3.844594246950964;1.6211415837184133;11.150268284060248;8
10.612882383498068;1.4382266929803014;0.8084057388936909;9.766936485178762;0.1031847001362032;21.12574159774962;229.6853156748856;0.9946969120870475;3.7520776884931397;0.49689463396959466;14.271545339180207;4
5.811043728139469;1.3643052566111247;0.8236236107489735;2.1932437586950035;0.41135860438247757;49.75965614001553;60.8281180460214;1.0028177091937835;3.1800487302345677;1.801586025613496;11.541568440089648;4
9.655759745105037;1.0949948375105536;0.3846110759787682;10.782335227082617;0.18228868516818014;48.86959390376518;80.07606193747769;0.9923137729425078;3.7234861420119145;0.8380215452854562;12.130644594304352;5
10.618575110941762;0.9861034923567811;0.4591240232866809;1.835782781128162;0.3628811842876975;16.72604196903444;151.06323185064485;0.9906440886790352;3.0733195047908106;1.4228369192670598;11.59666087040727;5
7.339916691072445;1.4227616472838922;0.3032858908492829;9.603682683428495;0.36347397679891014;3.4707431906528585;99.56002922151052;0.996254233493942;3.1573120470456297;1.1441288052958674;13.166308923139736;4
7.642448509728005;0.3905820621119231;0.9325548784193121;11.697885187437443;0.2789921627208186;30.056719738763206;249.52475070424694;1.0009824788413182;2.87704026087318;0.941726252588106;12.083264504413407;7
8.863311043082236;0.23529497679860978;0.11864376574158031;3.980160403051276;0.5128350507114805;21.53271378957675;140.07412350805782;1.0005801196079522;3.927547302295195;1.4078878614164392;10.165393003272586;7
4.826804534888308;0.4696848480679256;0.93374942300147;13.187681310124502;0.17071526987171037;58.43742022257331;232.28075628086685;1.0025940071657928;3.1095742715183574;1.9123633775205673;9.3460069535972;7
8.239494571089914;1.280084286902278;0.6838664518353432;1.3431655607818622;0.28073092237902275;57.825857380329516;170.31539221650613;0.9973321930487064;3.4011905307677437;0.3989204781156185;12.339808527739356;5
6.989362479060954;0.17061858942066566;0.5315721526867312;13.21966780941127;0.33407758502599194;33.44870060567641;224.7845100776427;0.9914328808267362;3.236992702312065;1.864484269324784;11.579669750055736;7
8.300720079610436;0.9708979792218948;0.032659060784495875;7.62080413938437;0.40951120773961247;44.06236799794854;100.14645518808165;0.9980879438304565;3.9591087131410467;1.3471663638850926;9.023842028524735;5
5.953312089557539;1.5733387736393123;0.4755961918220083;4.07678392300201;0.4815991384528481;43.90242563507169;241.29090400627805;1.0006717482674907;3.1655124470918725;1.6782148822843173;10.971513527656246;3
14.662958272360813;1.3693162970028077;0.4077481050027323;2.853160916911933;0.24848956244407538;59.72822853836126;83.7039653009391;0.991341128998075;3.728753193206815;0.9710711722352436;11.74604674300295;4
11.307594725160751;0.8813107060036406;0.16121881197512256;14.81828464670264;0.39898211951386103;31.175171402747022;160.5459626649313;0.9924215938029491;3.8263785163815984;1.117977767978815;13.774806019866336;5
12.273856206332733;0.2129157275584978;0.6564096035006569;1.9609175786848878;0.10221596088804295;20.556714265126143;66.5640130282064;0.9902373988049402;3.2932202518008267;1.780980755507944;8.894656862916856;8
13.517634996262922;1.3338053310031364;0.9711509073682858;3.8067639310645145;0.5706562122249447;19.817479187978872;140.57400562021272;0.9981555481320655;3.220278204355223;1.0227961095824045;10.66521976359902;4
10.232396847898347;0.9945086219387274;0.5621888110645251;5.978206272522471;0.24145222504618113;39.069651829036495;96.043584290963;1.0021473224183033;3.6896371925844376;1.222881476470972;13.747264797617504;5
5.582199255387888;0.28780217570696753;0.7147532764439458;9.95542879483236;0.4489833317638866;32.88952239398709;81.47707087033163;0.9992044343639486;3.899377894988917;0.363725521550836;12.614755556515263;7
10.66930392254959;0.25703163584210004;0.06845045256601678;8.854095845031036;0.02418430804742441;32.24857473993047;279.6567601019346;1.003445385992989;3.698763301001742;0.5948586697495306;10.284729091724614;7
11.231304633635935;1.4480551563774249;0.41766699581699473;2.7343949892197843;0.1349070985999794;7.470751075369213;51.300971852744766;0.9909285183470468;3.0284504843016693;1.4016164683179155;13.894678293147177;4
13.02346605828293;1.0970323838895943;0.11635848516449587;5.130028562577934;0.3037624440498232;52.02086558900389;228.81321200044286;1.0023688747797634;3.8681508392458857;1.5273514247766748;11.6064082736575;5
9.477752872395378;1.330758727002463;0.6127958355365104;4.385775857855951;0.5380732281716756;16.17530484671566;284.5186835337498;1.0011576100742066;3.232228717644778;1.302943564430114;11.639287293517993;4
6.04165742158987;1.40330919441211;0.9384821582141546;4.017725675558984;0.3278258348204556;14.983707744819217;11.632119898442026;0.9943499695092033;3.4718113529579764;0.5693277605802698;14.747817704802499;4
7.806667735525586;0.9547876339905504;0.6617777324716385;6.902707312607811;0.5689924188940335;30.305840739694936;203.8247581739129;1.0033294316360233;3.795923236501743;1.0738270657249842;14.556257271036461;5
8.702829949304576;0.8754716735623602;0.07680304831442153;11.17885920783819;0.301794341053095;17.172262254863902;77.57404097242926;0.9939917121300946;2.9792613545986253;0.923008259826527;10.730462441903985;6
11.898864827047094;0.7484240190686456;0.35466620498508283;4.074812810371645;0.305779008944834;42.453936978869095;17.45805428491016;1.0021823303385402;3.7363278723104925;1.1577544445385974;9.313764336310035;6
11.049794842758704;0.5827420181750341;0.5506633794408515;6.253511643663529;0.08372832631181859;27.373897092747477;120.01775084472652;1.0020657956197505;3.4971267533465604;1.7834494877053375;10.51683375980761;6
8.623893002645662;0.7545101028537192;0.4032077561332522;6.607394431880969;0.49279109024717965;32.872732304088096;270.66664027835765;1.0003892967381325;3.8745438851210623;1.6256886025599486;8.598141192024023;6
15.74762231136067;1.2498642973660283;0.8336440104751723;15.15626532975699;0.15993228206777044;39.13902183388605;9.329521705860344;0.997744467853331;2.9584024103412996;0.47026246731989546;8.534991263617544;4
11.445255458732824;0.998808209282092;0.8146710047099892;14.838128810434405;0.5508678811340167;15.451022096208144;172.3716508161282;0.991704437449782;3.2742664410419793;1.8168163602835223;10.970893885634226;5
7.280662746616738;1.423084003334075;0.6118310201032214;12.58200870818031;0.5575837079779072;12.058365223452615;147.89520344247677;0.9973154550238423;3.7977107279408835;1.1178511424202053;14.516628847532022;4
5.750141940610562;0.767334820993614;0.37345794513270525;4.428220243960103;0.5770427570126156;63.50995510402594;253.16771851700645;0.9949295650020202;2.7644242633900857;1.5722497819596175;14.063822718009352;6
6.327308272782952;1.006350784929381;0.25533637376324414;1.8933447857383774;0.3236180629727509;31.794382901030893;29.772485209337063;1.0008599959915758;2.8824957357923666;0.5638655162114681;11.72437842046455;5
7.379322330744942;1.0417090275143035;0.10587431821312931;5.526800410721122;0.417579177085403;30.25864628391028;198.87186645792204;1.000395719792487;3.998017820201053;1.4501016079307703;12.0739714776104;5
6.415699517832978;0.9838778569672353;0.35489768348655404;4.795200421733931;0.4783310121569364;3.528462669371745;198.47104465661747;1.0024725423504148;3.0961006068097454;0.7246644494077947;8.438567728849367;5
6.708207371779755;1.1458453087048537;0.4131725172077195;8.28651668213735;0.09047775657162889;36.35631748370492;195.34964477202615;0.9902719868123199;3.9789398560294207;1.0620960982253556;9.800757512919477;5
7.821575406240472;0.46665286382721716;0.6758229251040736;12.254827486989779;0.3719733598035008;40.346050234381;272.68066206661547;1.00108998581313;2.971815069781016;0.35816099303711435;8.561031825073496;6
6.559121626830729;0.8680511152168543;0.6581598242975735;13.431514907631326;0.03254444288068369;40.67770183778132;238.93377070894715;1.002851853163558;3.198589942619316;0.5831897653438949;13.30450696252002;5
14.733449298278604;0.2721682121001876;0.07010813964125695;13.235015646993425;0.3100420839498468;51.19921302192479;17.8782815269122;1.000820272116853;3.6961441945195346;0.483774423516445;9.346697674172235;7
5.506641325976557;0.6813865383614263;0.3952593154311578;6.151263193856789;0.1047507662905162;13.601210284361835;139.31644674937723;0.9918432485434344;3.5753785771924864;0.7303727688068916;14.048806166099311;6
10.526978702143879;0.831993920187046;0.18177886721736192;10.933621414525971;0.12157083265128873;18.907842530373937;118.62071490497738;0.9911770214079328;3.4780254479099004;0.49703021034061823;12.581608038892623;6
9.237484144983174;1.0722474189363898;0.1568127053168057;5.467379283853613;0.2306634924488683;58.5618630313593;93.77166356869698;0.9903539121661808;3.4129719532723595;1.4854897444546684;9.891221397352137;5
15.700878371067253;1.507775336775857;0.8273021497372459;1.7892209312336678;0.2710298628631853;68.24911379588097;133.72829321860954;0.9986335099757783;3.81116936345422;0.37849663668939637;9.425182061041124;4
5.866039594498991;0.9969505571605995;0.04191521671625753;11.142852877802957;0.3852802822947802;10.651225063079766;114.72695433405163;0.9986461415183316;3.038384674798409;1.3616266360437466;12.479560555999846;5
9.09576826921688;1.2056471176177772;0.41918287590212133;1.0434822675189026;0.056582622644670885;36.33311836987049;128.35049366566227;1.003511764787652;3.3019380772817684;0.564982077478709;14.255440371835103;5
15.555015896011668;0.859148446862996;0.1682036557665182;6.874065776893933;0.3137113649812293;16.206513944510668;283.13110796724584;0.9954913480312978;2.937424411038701;1.9084196334870878;13.06934142294348;6
14.380230522601977;1.0457918858094437;0.879330215678474;5.708937331810306;0.12139245302160756;5.265194953203753;31.083131854131356;0.9945905636003038;3.4968458265779945;1.8882671020934567;10.665553235421955;5
13.832914401726864;0.2235610355553092;0.5570405132750351;11.023312062375245;0.35581112984401336;24.110737006955613;266.9913361643605;0.9985746675082514;3.0581914188245767;0.7065901812100075;12.217993369246207;7
7.514301945607819;0.49141170802909656;0.23138063637684803;12.087183902301533;0.39380536274444894;11.201821388079104;141.90698991230056;1.0013147901195534;3.1639794217161;1.3560835680324592;10.41995101992074;6
6.531029737507744;0.6483055160795025;0.5024272871663764;5.3397816851807445;0.3454688446751595;51.405248213831484;182.51905547637014;1.0028288611925034;3.338488410111881;0.3767688835190056;14.894472184061282;6
12.15566838514607;0.8098402983095098;0.7314863597031158;12.749754410894862;0.4542390107765063;38.89450437067256;240.94177955280736;1.0010085511433584;2.7739986438429725;1.8860868668954607;13.267454725002032;6
15.101948677141719;0.18664716843348025;0.9581180089194338;5.191184703372033;0.2130299373002999;11.212247440312073;108.01103724923932;0.9958812996159873;2.8567611786194638;1.203388804680155;12.393480658418898;7
10.891420691057407;0.3244351824278438;0.22044600424541894;7.416364855803794;0.47029884838824537;1.65615277679152;127.80939998889463;0.9987175318849503;3.611130110299439;0.40218266286769094;11.15118442797789;7
11.05922339100987;0.5241488893753063;0.8861817721293451;11.514470494406355;0.271227481943208;58.379150480719105;121.89372991887605;1.0017327968298735;3.2847918755112344;0.9019749883235895;12.417989886687124;7
7.763763758361211;1.5384377287155337;0.9343041141674903;11.016635346681912;0.3020265144952355;13.509802837661574;112.04887937762004;0.9967521039548058;3.838283581939867;0.4583386013082611;10.620504406037677;4
13.295270145068887;0.6037666303704541;0.9164205445320662;15.315579695758121;0.4002131742293818;44.04138159767439;267.92479802607124;0.9930212720872674;3.622233444628133;0.986217213753511;8.5876214564772;6
6.713594358700014;0.8237799448436405;0.6354143568619098;4.187350953552605;0.022996672015535152;24.921455828448934;240.58715920762242;0.992381633249366;2.7502881958920997;1.4487769914094095;10.968075395318113;6
8.257575371367952;0.4063026605980537;0.6298206544347077;10.569841537677902;0.40374253863072873;42.569501620367525;36.84699713122224;0.9900721484811531;3.523224660074261;1.1147161464292041;14.448125327269135;7
9.40743175636551;1.0117389037706217;0.4032106331838228;9.80135586082635;0.3825325042941971;23.411407515745005;36.59890875101818;0.9998524014916451;2.85903057989584;0.9708160317814889;12.470957116030128;5
10.335997279134343;0.5297974946533225;0.7523978823037879;14.260437435554437;0.19759842293521468;7.172708809150046;127.0870727033965;0.9915831439844824;3.7317851383339278;0.5289922660525762;8.94571206996086;6
7.339229976290406;0.4222091645201031;0.5312940183509319;3.1828872680151754;0.0633907766547942;16.829450607600506;33.92003761538496;0.9933910885378587;3.999214764113697;0.7390482063084061;14.152458487067669;7
5.897656119553;0.8741960375311294;0.6774380712282945;11.87625318836922;0.06647033449791165;14.352158220014367;181.20334596172685;0.9941270756353404;3.4146224686867197;0.4972392905230464;10.147686520719846;6
11.500006479590448;0.1280384667742144;0.42845790384879545;9.196721797524019;0.5650110244441519;31.389374023214714;46.664724855070695;0.9977023736950628;3.6071299652465454;1.6785228818666236;9.98450170503773;8
7.86152525161489;0.13118948766786898;0.7314964640431391;4.910121698903419;0.42487831341427645;47.738148623257175;153.8316337026047;0.9954901781167683;3.0413889843363346;0.5558505127344867;10.331091297072085;8
11.167991902075519;0.43984046128871235;0.8244715176045491;7.826749746548742;0.08813446564867349;19.730231321191386;8.043245002052124;0.9992590597713554;3.295749134567318;1.3242735221366522;12.151814534818724;7
6.344298682598486;0.17361318925119887;0.14643625660281612;5.773138317219048;0.2256771784160349;1.8569654063438745;95.59676660077902;0.990827798540057;3.827241071940207;0.9023764906933727;11.94047260732085;7
10.036883150959437;0.2777176010308094;0.832929715574228;9.35797568071153;0.3668973133470563;37.84455286279774;197.64497479936148;0.9917580518258816;2.952627143637739;0.7073839023741564;11.59418940504873;7
10.618260587832921;0.6147365480345773;0.5402965317903072;13.879408917894121;0.5125074513492985;44.008923744487014;142.9830200844811;0.9968692606781231;3.077230219129478;1.3979122939518134;13.063989612832076;6
5.185605966093424;1.2917750921865268;0.8446659090902243;9.21185277241815;0.038152896299092104;69.36380507412849;282.85026453771366;0.9946594604104738;3.305700767613258;1.0931938566594908;10.457495253677234;4
8.403628343591302;0.9551910193191792;0.4313017063410146;10.123147307568127;0.1537432457505353;42.85242701962053;253.37137428673765;0.9940989780006735;3.6445560926418974;0.9982429303652138;13.483419390220803;5
6.118885849410408;0.868494879896368;0.37904048538303503;8.473718567874757;0.5449596451869326;34.45325171584807;107.6170304692118;0.9909829224364911;3.217372622590506;1.32006284817001;9.539590909460895;5
5.316137166342275;0.5484936818838575;0.9150607325172224;1.6470163941039482;0.017490164560106075;41.711515438736974;18.87269123665371;1.0022696951600678;3.9182199953244146;1.1504169395783013;13.48703512900056;7
15.786550626006381;1.480360430371912;0.2511692675484013;4.299734930390976;0.13263806257353855;66.88094472020391;245.31224293255033;0.9994925691430232;2.8599604551112736;0.8368186282811065;12.714765684126839;4
8.24259844821437;0.6996419602062998;0.8442123252861431;8.083225249708407;0.5864554814078066;59.81484833771688;263.879309819052;0.9917264392958837;3.2109213308819564;1.2636323505679703;12.840854012059314;6
13.751581238157375;0.24715543952182636;0.4840205725094041;5.42943514267269;0.3794277060667805;23.931490068830367;238.2375523375874;0.9909559259443799;3.640371736754096;1.44806262283966;11.53009708132719;7
7.477439398830532;1.0209171135319899;0.5140954425512597;3.5537485273134353;0.16874114861586637;17.845059819656747;42.20983328029345;1.0033477639053334;3.0270031923900955;0.37457757484004667;12.73550996242562;5
12.3009807611304;0.2862040544758381;0.308468281489484;8.2603394920092;0.05212766554311271;19.646986477991227;288.4099830386774;0.999347570136986;3.5736446804716846;1.1080057872758178;8.918680802636473;7
13.190574816753458;0.6240257884904704;0.5730422006190157;5.613022984338615;0.028886612927886073;36.81389381978013;79.17933469943499;0.9957557516882968;2.9485555369487293;0.4263310852545181;13.935082260820888;6
11.330717768868642;0.860821430528001;0.3252111962762113;4.668371590331855;0.15860230270251943;53.82751103722902;210.94999032476872;0.9996275767750937;2.8110949617743417;0.6412970414937456;8.7610570176697;5
9.92881093061679;1.3963648860403568;0.03926941424165231;7.67418709462956;0.5400100059337574;36.72856370999031;262.9738700030092;1.0003712389318598;2.8936899602707844;1.266049585910215;9.366819814164733;3
9.253802329864135;0.8405780072965733;0.27199860534435605;2.845950167999728;0.26113227892420815;5.813544103795993;72.69945335559078;1.0006930851965352;3.9210806745803506;1.7765354884935198;12.149133105232035;6
8.542211411935847;1.1452977984062298;0.006379043406590679;14.445087702900947;0.4434796881304298;52.37422973123864;263.0371709736097;0.9965786889029946;3.4407236213332304;1.8042854842447698;13.206174460468496;5
15.103679330000432;1.5695125849386429;0.9783547870568566;13.568450629620889;0.5620527361925947;58.22387913563772;93.58328691214734;0.9959250031656605;3.751359134859154;0.44680649693151425;8.895635168250648;4
13.98599930800134;0.31197411505105316;0.9657472098197475;11.231260551811816;0.2564162365000871;21.554348423500095;282.3249419346879;0.9902202025077425;3.1624712161494153;1.0299054940988;14.384971291795079;7
15.504804090531593;0.5211080272584985;0.39515529747230504;2.4507218827914605;0.12657514525140084;48.15292748911788;85.59658576767431;1.0026897079082318;3.492676482814517;1.3036208266176006;14.72844971720454;7
6.004558625386656;0.6960810703725637;0.728370854339646;12.227807915257518;0.32175364058329475;31.28802497486193;275.82233840646734;0.9982870533036574;3.3685892098053394;0.5756067405990735;12.338676124550123;6
12.85880246980118;0.7358691406666937;0.345806098410425;12.696176990391677;0.5559421285488528;64.12747425664844;21.153136202626996;0.9928369566245273;3.941087208440913;1.6082718019637687;11.528082459949438;6
15.203247162077728;0.7200907698876968;0.671093157085976;12.10936341862933;0.49382027406848267;61.01101462941253;206.7239793025571;1.00259499857252;3.68941978778872;1.572872881590189;13.219067319818373;6
6.647933647671959;1.4451120637325703;0.8054300430459791;2.5639019519409207;0.05143207617452912;38.3056718799846;156.58745087587204;1.0025313725021114;3.667789142000655;1.8385794928903472;10.534322790126836;4
5.351407821244585;1.1624876609216104;0.9467562446922407;10.301056173189364;0.4268511072464715;50.096893752765205;141.23921282573278;1.0035426883186662;2.798868652181535;0.34417164017934987;11.606218821683193;5
12.974663336977667;1.0075416125724275;0.400212275849672;13.081142017941218;0.3545666159529133;63.71782877256938;69.24889093440271;1.001974650389953;3.4380804796346878;0.6918626874616345;14.354981674293608;5
11.091546178933005;0.5716841680796618;0.7832979829560477;9.32935965780715;0.5555704426315089;36.19590771555756;205.68360850674722;1.0036598233621092;3.333079146455305;1.7114018127896873;14.611760264069968;7
14.112665177368475;1.3227339609630904;0.2659284506321188;10.3375476783301;0.08536636869332803;23.240802574706358;59.99908607930491;0.9934026258822389;3.9183596785898667;1.449868684880982;14.425949254332703;5
6.179427855877071;1.5143883467680839;0.9903323037936483;7.59210679962407;0.3318876318095893;54.51029579158027;162.4542282636894;1.0015414393504136;3.066824325000706;1.8236310556764797;10.105912435264962;4
13.58652062401676;1.3189494925233305;0.025769598764351143;8.619126870307168;0.5387981534136235;16.624704089713116;77.66843774039097;1.0012796455657982;3.08268848567969;0.4254900230655451;9.911048761408962;4
6.878388716539513;0.12228505357955044;0.603528806501121;1.401902131935188;0.257604248258304;28.585711508428986;276.44085047812376;0.9932154076925864;3.2624097360795057;1.3269298227464594;10.334819288540544;8
6.4493121543824605;1.0491460004677742;0.6595059816513271;10.228860120809955;0.30071495572198736;62.46663383458235;14.102627855489748;0.9914107194173934;3.0490795360260976;1.2803077800724358;11.268522230524992;5
6.45620351662022;0.19465765690546705;0.6880455570741288;2.089129308210924;0.05420594592250802;52.43398615912137;62.52310327147995;1.0034097073962889;2.904063575617112;0.38957627532208905;10.442088183147764;8
13.804694338614619;0.4961065416872339;0.12038757878908901;7.251213077367262;0.1786080406288976;29.670581372572446;74.57390160764771;0.9941018543917107;3.8289168552465167;1.1875818684438475;10.832383172303878;6
12.116728593867062;0.20690606250774665;0.9385297834731304;5.1727644259441545;0.20637948285219945;16.246859670993373;123.18119469229205;1.0019315461861715;3.449011185992973;1.3478989198875735;12.434140188784937;8
10.510639299891048;1.001541361306106;0.1811832790500828;8.863248073091011;0.5781283467981873;26.273755749088792;71.86265844922515;0.9901262118466682;3.8339306530748396;0.6494596009175191;13.356416901110844;5
8.654784470595578;1.122421273699206;0.6227534032398411;2.8478784986388233;0.18131774896415426;21.171394595147742;145.05179254606622;0.990356357874331;3.7955411520626936;0.786460403818187;13.181128288741462;5
14.512366111188124;0.2871519515762215;0.22267607912308496;10.997993668810446;0.28806037242652155;13.502339444013629;252.90774308216655;0.9964151672244446;3.0981937905828825;1.3993800683172208;13.693753186014488;7
9.03462971387578;0.6804047692456701;0.3072164170212709;12.507168439155668;0.4141113497150036;53.77663686316162;207.51394825879532;0.9933212939951955;3.435626554291828;1.1120625824919304;8.609198620900115;6
13.82757366602882;0.7861053030750913;0.5464585417281244;3.2849749662500844;0.10914784007231855;18.896961966362177;170.12924049143643;0.9994656382803978;2.8456864824798895;1.7628828081391057;8.710269632911915;5
9.562224466843467;0.6588174117709382;0.4171934185645765;2.4229710753374794;0.30337898989798284;33.24589038191123;31.18789936909834;0.9977729861142355;3.9023698927190633;0.9017775492353446;13.53098924447609;6
8.859472052501456;0.2966965007083818;0.1602256009765063;3.0245260486954435;0.45438488464606863;28.396020725363744;202.399766674165;0.9911253565612756;3.2534136481327445;0.7753216295082959;11.865012345110108;7
9.828281578066552;0.731663773673714;0.1709364024208483;13.706062403718125;0.5312462726032126;70.72749388312978;53.09524245999598;0.9922849973958201;3.239968753539057;1.9747261203758875;12.157914379453782;6
8.005569978054805;1.2167199498002903;0.41814478816279965;8.6115632216428;0.38712930552279357;28.767549334523657;228.54197022716053;0.9953552310581956;3.1244993206848006;1.8515967361172392;8.741814591393451;4
13.047985995991638;0.22367119021855297;0.7572829782755007;7.722010541709538;0.4127630556748518;6.67875627856959;76.76606265837336;0.992597927351073;3.325042955782594;0.37841788414829636;10.059539707613261;7
10.280740408045014;0.23706282055957903;0.8979646468477885;2.4579925588943725;0.0876438000781568;7.377628432617966;124.02479011481495;1.0008600683694624;3.059734420912719;1.617116787561965;12.549302981755606;7
7.2240034551590355;0.637966086080537;0.08412766225938284;10.383517698651643;0.5785201218505619;42.9435142160676;105.1830672559736;0.9957368766082356;3.216062386451942;0.514259072288089;13.984682285719394;6
14.765192678002624;1.4949195389636305;0.39310390755940106;13.572794041668313;0.09141187241320492;43.554812173416856;249.04433785298448;0.9913425420263948;3.7559327517028;0.3759002753650495;14.360392081679116;4
8.937970801517288;1.0961160642154546;0.10024556372287663;12.991513692122414;0.4760290893718972;30.731888324268503;41.8120818158945;0.9966667503289464;3.7995044895531684;0.7870715116638026;11.652726722928032;5
10.742147330588072;1.1108581367419446;0.016592480632597884;10.0403987511197;0.170624976745213;31.66090215415411;166.07750171489516;0.9913072160260564;3.1263117465882155;0.7798076180320441;11.945582512798286;4
14.84313485389938;0.6484031866232829;0.6617186826439566;1.9990692631144351;0.5712222930770496;4.829213381701856;46.20343547238661;0.9918261260998179;3.3356483268020405;1.698262333119431;13.81482260194844;6
11.65388935382811;0.9867447551644661;0.6024494419665878;2.5409965967697894;0.44325576408231826;37.67480223763762;205.45722162540883;0.9933334859122241;3.849751115875666;1.5168143007245347;11.894559904857806;5
5.920947860004514;0.13479152868050534;0.1630191138148862;1.6199112118034402;0.463534414074043;36.83650275200497;262.1371101658382;1.0017767673454707;2.8068951314237154;1.9692877436444638;11.759580415992563;7
15.220102996832269;1.0487002277579316;0.2338128330930641;4.659196560790051;0.14321644466287012;11.618001617543062;128.9939660444327;1.0026632226903751;3.8692141017346473;1.518226543520737;14.283046245446199;5
11.693100999707022;1.4533989434613055;0.02370775364451838;2.880657420541515;0.27738094600446134;8.372596413875858;144.13010965498816;1.0013236302735027;3.0183641189784614;1.0284867739376;13.534562686863222;4
8.384433445625074;1.014357263783436;0.8349472056944037;4.696701387685534;0.3820701035589826;9.773646832563825;268.4606627246217;0.9946201317012311;3.601744840152257;1.4972091937785121;14.308971421348414;5
6.173774421096276;1.3955999464608637;0.9746905960485515;6.521847613496841;0.4732141973057539;8.173005500879356;153.44056298776806;0.9937807205279022;3.4798406544084424;1.9990966422012915;9.8186058560775;4
13.572484638754345;1.177000660980497;0.1354595367946908;14.667548647438581;0.07427166617152135;44.28928188310994;143.99035796802573;0.9975495005085631;3.4422347502003503;1.515936943879422;11.80844066325982;5
11.606822141992204;0.29601528794938775;0.23147521376529812;9.811490472812704;0.5884568245562625;14.950268320607222;169.6671360653181;0.999901640046461;3.8313874854360828;1.6020078644871316;13.876068835856827;7
10.628110339332434;1.4375818286373288;0.868409523946934;13.09061727097125;0.5452421816621791;18.851540805309906;201.05201539071538;1.0035997373747416;2.86899662242872;1.8970695753677331;9.12246087853621;4
14.700986188475822;0.21700801275943132;0.9264637979561848;11.271131910400051;0.17393880570685502;13.323622234752222;36.24799514962989;0.9918619930957909;3.180725592163558;0.5197976063905112;13.565304002910752;8
13.511148486837198;0.899592509919735;0.41962738280681033;2.5425457056888234;0.5048333855763668;69.00630661584371;238.37427935084904;0.9907413570267042;3.4235809878578523;1.506989770057704;9.589326992196652;5
6.313926140980088;0.3275202007384482;0.050622472269074126;11.644437933059653;0.3224760299008542;61.677839883780315;129.24792276927235;0.9995271272081155;3.7703368445114704;1.7508459498056397;13.652771907404588;7
8.122459366089695;0.13709165166711992;0.0393918336928194;4.916443670763217;0.2886220824556492;17.36513345195798;26.474628300988407;1.0014049151713231;3.014882715932823;1.9238122623688914;12.378006094119643;8
7.407927279903463;0.7361700197863529;0.5739498660690104;10.230974566122713;0.20034602938103185;24.257206868470945;228.4896953830943;1.0015972703817806;3.7597208985453308;0.6823187138185379;9.656033944651636;6
13.00659310607125;0.550759433175068;0.392895108893179;5.878044815187633;0.36000018339232387;15.9023918036548;112.676841987215;0.999310673538431;3.2475408727672983;1.1715614428994878;11.476802165663209;6
4.9789165125143064;0.8295607209445004;0.028652427577654516;15.466015043664024;0.44920358150445505;35.923193121718484;34.404001111900264;1.0030636952521033;2.979920597670793;1.4665265955662847;12.832383581995016;6
11.039753439045878;0.9627118346324441;0.5832523923125568;4.7478516006529565;0.2581488100726922;2.392347805672005;185.3594681907399;0.9970298848794773;3.7039127793632227;0.7432711082672335;12.520043855743026;5
13.215783148869804;0.18385904557106314;0.011302536589022472;4.975304873304338;0.38890229661196696;48.6671286316725;255.0771730217206;1.0025161575533392;2.855441604872676;1.3327896816279576;11.17710677550608;7
14.507451695407768;0.29958481088066863;0.787371958149273;14.487814931211016;0.43088843977202695;38.14422863705256;257.2342431641581;1.0032516013058246;3.3937545650758123;0.760156566771659;14.245882437986026;7
8.465523760489754;0.935617898817621;0.3064328227033716;1.259808307690311;0.43796196839215623;64.80336390937833;277.0187633709394;1.0016082845643823;2.8211222455045983;0.886873224287851;11.775212194170988;5
13.880207542793746;0.621024335632081;0.0402580030092321;11.071659222948675;0.04312769278057697;12.671880587317403;251.5606451139727;0.9942889116315824;3.1926506760503903;1.0673362231731447;11.688137440436474;6
5.850138627593841;1.184593291822194;0.5883522209831533;11.489765304743822;0.5269889356053551;58.09175647034035;6.605880174769488;0.9927424571689394;3.5033675347381186;1.2137474649067668;8.804628834619454;4
14.164910896600055;1.0723458069442318;0.3976844144330547;13.11112723019183;0.2864937355442637;57.22923202713682;113.60825009498943;0.9975353952850523;3.4462667376887604;1.0804410056140015;14.393782533684641;5
6.040621884351401;1.354582369965264;0.9738004133571495;15.12681393532174;0.16918723293603247;10.029864434398972;237.64755011325735;0.9962400609001781;3.2539123807389263;1.1536365180458417;9.551257696409426;4
9.089346383332149;1.131039526937069;0.5441986625037022;15.143788019687126;0.15681693998032928;29.29770491423306;109.6496006975682;1.002025068620665;3.284890952344587;0.8286432230014487;11.834240507337602;5
13.609437633308955;0.7476993729896163;0.2752391810370083;1.8530406604703729;0.3013254535935263;13.0808375212607;176.23822730545683;0.9914324313599346;3.0279973327554734;0.5954717070177931;13.623189409102016;6
6.2940669290411435;1.1025312686958713;0.7094388646339748;12.898854112192376;0.5432120921419066;19.085155532485974;177.58769610699255;0.9935804196350628;3.318970887298611;0.4090744621358219;9.800446300211682;5
7.190540766128849;0.522056514412911;0.27149200254271133;10.336125031397767;0.2386302014279055;19.69047841296865;109.30216104298692;1.0003095016243448;3.9506336667654596;0.6572844665610851;11.827926384810468;6
12.761454022841649;0.5672177082161904;0.9042432914075651;10.351195161847132;0.46108572232334244;40.492783975829866;261.9661214206044;0.991363718104591;3.8200752055854137;1.3018458813146576;9.964451909951716;6
12.73641286297064;1.2719183334843582;0.37472197050737643;2.773908928574544;0.06999441986134394;30.21017615499305;148.41362174427127;0.9944388113189756;2.924445743726957;1.642812797831231;13.338017485699428;5
11.84496825160386;0.77177249394631;0.5498685627762052;10.392732630106538;0.297157964588486;68.28902908444768;137.53393028031272;0.9953430564670153;2.7778215998975697;0.6126434877296338;12.068217591175479;6
12.441617422478231;1.2856352971567948;0.05057310382422886;15.244245676778219;0.6060199980952486;9.972280078237365;288.29639002231653;0.9985497275091838;3.925575877150121;0.511287447480323;13.963843092568434;4
10.732786209827836;1.3207366655556863;0.4261212379522308;14.212551115275925;0.47349224387260985;70.13214157436411;145.6606030325505;0.9922237666346978;3.4089721823485495;1.581314902117248;14.214627018702988;4
7.445329365648567;1.3720410129854743;0.832363539660995;7.311307647750818;0.13810656457592718;17.37534345521274;56.48670529578844;1.0017914331585631;3.4230540353996206;0.8396144119972737;12.616767635895087;4
8.50636472659429;1.4582874443281626;0.8056488053633419;1.4832404099769774;0.3123634427450485;55.87404948311157;151.19864667035296;0.9961655252470506;3.7315118545472834;1.9190040635096786;13.115043100033139;4
6.65205419985611;0.7492384219494125;0.22431855885352625;6.189484954002991;0.15194123342549137;25.06686475827032;236.3667361521402;1.0025598357158132;3.139654996816585;1.5229110109193231;11.969930649264615;6
14.865491343070001;0.5855455547488626;0.22607907101056268;12.965298549368105;0.257326995430243;11.158779074629287;225.85147251221366;0.9964423882236941;3.352022612421723;0.8756825988958616;10.89878676493799;6
11.19232728085716;0.9700101700274062;0.8173053122132368;11.141886881391423;0.4792703302172439;61.91013215248304;229.1686395256973;0.9938160483267728;3.970201899696357;0.8135363888154872;12.612766499635425;5
9.12962100942913;0.6619117382189362;0.9303984201693255;7.606417371671764;0.47396366435895176;22.929123845788887;206.37073087140902;0.9920017086467261;3.593628832404157;1.204576305073086;14.303876052667638;7
9.820665581178698;0.99756828352834;0.09536092127300355;1.704482413318934;0.1486321263635287;47.778733700105796;77.94364562587276;0.9901210081899677;2.9352561906346484;0.4621715960246098;11.108422472804348;5
15.304301737613514;1.1501553594599838;0.45005863942622526;7.132663026220219;0.5644117675747612;41.217501641150484;249.9697962927855;0.9973179849454934;2.909197969940129;0.5265197761176493;10.44366517142967;5
6.332870855211706;1.12507132699852;0.33745427896422897;7.747764119881099;0.36694834147613126;34.49469796675208;258.844500701483;0.9915294742121447;2.999416243082917;0.6236826617980415;10.924840100591732;5
11.224397101789808;0.6668472150493772;0.8706884554574393;14.456910780254384;0.2395746502862467;36.20318255804627;60.945213143049386;0.9954053321406566;3.713723826514311;1.6237884008186156;11.230084596375399;6
10.316542071394466;0.3636158944801791;0.08352491468001877;10.259857112299528;0.3126594128877355;52.98889190055242;42.91894514404448;0.998095881388049;3.1151287948775823;1.1881417899794344;8.878146688355155;7
11.50943286041152;0.748572834154823;0.2111259425580374;5.450132583157874;0.3744376808092085;7.231876902764281;282.0962061107187;0.9938248419158148;2.7671638352773513;0.3476470950333197;11.639871962827463;6
4.804645077175498;0.32818745035958674;0.7524683375864943;8.569646660980531;0.34737442857562545;48.440826999011264;251.7356817130541;0.9924565548620264;3.9391014416521903;1.454772600878422;11.613042612325387;7
14.455000171068912;1.4195416713683602;0.051293848981215584;1.8644074942035371;0.3033566162861707;64.6026591992991;258.78582966041495;1.0006217084999391;2.9555360388215366;1.03756259836303;12.224884879663401;4
15.132936592064821;0.6249810926772718;0.49253538071428926;15.099496240486157;0.31445474964955067;5.102961988410355;256.84451684870385;1.0029652957664756;2.7521388964080473;1.1831234494895426;10.758330198063655;6
10.98600497455806;0.34551123094605274;0.44210703467972;6.1568745681886;0.11767073434630382;10.986387085590339;159.29737120154513;0.99143799849128;3.04115713502682;0.6875741264996024;12.385199373711334;7
12.472154309808882;0.15715372946239628;0.33440117898874866;7.876863381731783;0.4988270096785029;51.88086750584423;188.93169147642132;0.9921891402181238;3.03848655964003;1.251476321418153;14.10840601678232;7
15.024243007303442;1.0629006839782669;0.3945723153189238;6.08714602385907;0.3365144316446682;32.046997025367844;160.33768715382058;1.003145372391782;3.2759466685740684;1.965185910384986;14.610561438218568;5
12.591796567741405;1.049877383483925;0.5299405869302329;10.864671259696522;0.09051683716111715;29.651952077771874;20.491396820863127;0.9905846211010828;3.908895086005047;0.45265263397962163;12.193479404916824;5
6.323691184931153;0.6172820832086858;0.16136735838838312;10.568589511612059;0.470928103848084;10.724631052640746;216.97737315483465;1.0033853524238174;3.856564845579454;0.8041420574395992;8.676841200807036;6
11.112058469884989;0.22469935771757046;0.5719958782835928;11.34370573372538;0.5705339430480332;36.98067289096296;149.00896543405412;0.9901332578596176;3.3202560848276836;0.7358059800775858;14.700033982236208;8
11.455880024126271;0.7180581865470387;0.8054323292999863;4.814891152334044;0.5794368326429403;9.984717094942784;189.30166816563502;1.0019693670899712;3.261842879339594;0.74507734895447;12.988103395825666;6
9.392676585716963;0.5743775427925546;0.760160929790159;5.508759824995364;0.2330416217142925;34.84005239804837;148.2470648080765;0.9942557689650532;3.4448615398230613;0.96243961713418;10.583763715598739;6
12.921819862559369;1.1085961340131136;0.15389990469377368;2.7286679740046362;0.09317460726289166;55.21668622627762;145.18260421725503;1.0028535802483747;3.0491865952041426;1.6962433405227597;9.356525056264202;4
15.158347266889868;1.004437704200928;0.1492494697414739;10.470445588953243;0.32252137635320605;19.33676940998861;54.61631798220801;0.9943867948312166;2.806274939797281;1.8544740122405268;9.332220979535787;5
15.058924195846572;0.6523068431684084;0.2681743677449133;1.4810380591005272;0.07945292838018318;35.13581794076064;84.87598138494515;0.9989816520992938;3.9328146529374326;0.6676991960564854;9.490338639907417;6
9.694484896866694;0.4381231292122855;0.3610747263410372;9.626162098642503;0.5714584636890577;71.43313382717534;50.95531182013949;0.991160043600212;2.9771077107940096;1.2367263963733484;8.696221390489832;7
5.8795899180005335;1.5625325105871641;0.4084555814084826;13.597559918833854;0.12196419678573243;49.752180058136645;61.37356166197191;0.9933705320319999;2.99196892614206;1.3936212835163522;14.264002226243925;4
15.72870554827438;0.7828423669463277;0.6796972168333453;13.90614936502865;0.1634067501107473;60.7363307626691;281.3525986589463;1.0006075126990475;3.3400246176445134;1.201451882187621;11.914993513377686;6
14.079548376839055;1.124880384239146;0.056680432165835404;7.4559513014014405;0.25557527960409726;30.45418006579875;49.33110515353216;0.9972707013271055;3.36434894794722;1.0549075783088557;12.949736182639942;4
6.008688297596915;0.3252073326644067;0.034672704226066386;7.605833847910877;0.24151551666691634;55.518125541935724;82.20353007837376;1.0027089386215395;2.7634114463199424;0.6505990947849272;13.782705310244;7
15.005513273576307;0.8289609615027208;0.391910562943909;2.0237500719170534;0.4880030725463355;3.8761512788338504;173.13687314001953;0.9959095941816092;2.927902518242943;1.1453263298627283;13.545016541165802;6
14.42982889130205;0.1602036110094196;0.6971636921379805;10.693169371468322;0.2853337755100264;9.726693960499393;178.68053707496964;1.0019168444223856;3.220256619572142;1.0000287622779191;14.13693655423747;8
10.462870045524614;0.8579644721492569;0.19343534295648257;12.890387537443544;0.1142901877419988;15.41801209732441;49.57467871750362;0.9961847730584535;3.6083379807583844;1.6585908153787903;14.687155046412187;5
11.2814124239177;1.5274654143918456;0.6415044812562517;4.471963797228811;0.17205872739615838;29.53858664768059;230.6220314972151;1.003407361555921;3.030091440176559;1.605219279802202;11.253958995822607;3
9.108730553732471;0.6809418009592683;0.25982813794029946;7.050992871847124;0.3169589177273257;61.04788636112919;228.2124116193295;1.0031429442746527;3.2772283467270387;0.5537777976134701;14.577180533344539;6
5.218806518688954;0.17693417835937092;0.8860861088135163;13.147054316772946;0.1003248965382548;25.584889605943065;73.16091028970118;0.9945528419296739;3.447828232189913;0.4778268177803229;13.101384664228306;7
8.38772883059868;0.16519545474224154;0.8956899442666165;13.705958827869406;0.3783817497119624;47.47810473959787;87.6925636571553;1.002136280391077;3.8685124681715806;1.84661708518993;8.859343237002511;8
13.67224396915753;0.6864606695224295;0.2972872042813265;4.4504277118576985;0.3508826366241364;51.361314931047325;271.45056592503767;1.0016144669168172;3.1541095379554465;1.2242990095707111;12.831590287880246;6
4.652341859952012;0.35363640723626333;0.2299937539632405;8.938331264303917;0.4401066875129723;42.61894714027224;239.66501921219228;0.9929394670116014;2.909618997646624;1.7625275652619263;12.863658287431516;7
8.368540640109929;0.15409406063915143;0.41130397206623126;3.7103999992830747;0.5736850646122412;26.36417974007967;203.47656035669425;0.9985728352586681;3.3613757268899622;0.4271123713458899;14.288093664651427;8
9.09930623757766;1.2240718763672582;0.24053158518014872;2.3874299564375256;0.5584404820995922;41.97078726166164;29.27200168749995;0.9910599331383333;3.688336434138759;1.2092810795911224;10.8240588610556;4
10.672570313198529;0.7894435929675604;0.6723838432917036;14.20235932032258;0.5786992952232299;25.300857088071982;124.36873489542893;1.0014660000143467;2.879521891456972;1.2308422793423146;12.201924751766816;6
14.994368465464193;0.5422973670800756;0.8260646845482855;12.879409561788794;0.15858464261719687;6.9550354371928576;164.28242979774205;0.9924473149333176;3.27934803445514;1.7673723943453905;8.479219081576327;6
8.513709736335361;1.434121447204062;0.673092130911217;11.996509566326338;0.09080761867697341;71.48908245120703;59.03739449940887;0.9910344962328741;2.762587129403354;0.49300869704361155;10.558489074178684;4
8.520571181427373;0.28956288189276735;0.8243504472493495;1.61198825467185;0.19306374359737266;10.029954207908274;132.84812273662754;0.9955209840812386;2.782620160692009;0.7315440913387685;8.804584220032076;7
12.933764103640156;1.5156414902747661;0.39699216220747413;13.21844037356976;0.5481560184870224;6.136735252360072;176.09032332929925;0.9979276795277271;3.3533507712851653;1.008918984191312;11.792174322971832;4
9.710062732054821;0.5783914073709351;0.15631697070886086;7.295443508218603;0.5942600312994695;63.37568319370807;98.64760047265798;1.001713968975584;3.1187105686516805;1.7759552639513034;13.713409728295197;7
7.138034499221796;1.4170693615706744;0.7379509473975921;5.898968800119551;0.5267356456912151;22.430260923395554;227.00738376298787;1.003339183197606;3.8132862697368735;1.897935136167847;9.74187749883895;4
9.712566532299435;1.0002965996600137;0.3604745051415539;8.878554870970495;0.07790061495539861;47.17108515921904;243.84723160378195;0.9960558880212015;3.504735968780597;1.9878501147213585;11.828366796125561;5
6.191684330291738;1.3269927452225718;0.6712708252291325;2.233757343763915;0.5795093708378161;24.359406806018534;97.58147984984203;0.9908932870910594;3.316494861413598;1.931853122385731;9.726056137319986;4
6.593172947520323;1.5566592182872778;0.27064394198176567;11.947039620545024;0.2655914583831208;28.79325322640745;243.33997472136537;1.0002729541863324;3.2580779212389563;0.33992273226007186;9.184475041000564;3
10.231555831956122;0.5410719392153687;0.08122963480667267;9.40355212256912;0.017576864166649855;19.61002101319255;35.31216820715325;0.99776765974977;3.3715017598407453;0.4096729302279663;11.721479147573227;6
9.333857579401391;1.5232578086950856;0.9925817954877634;3.6242154143482455;0.27699385070816795;25.356124411303725;243.07733491021173;0.9961702801167815;2.79135731564008;0.5765033879931731;8.91446603617323;4
14.93775868206953;0.6886435665575337;0.15620150793059928;3.6481901166280655;0.03959543263560508;30.15972844164456;49.228372161935496;0.9942822421291496;3.873847562654238;0.9125997016063561;12.21780510239693;6
8.695051060017954;0.6828473809159066;0.988420993963481;3.5900303129610434;0.3377828747755094;52.14954090555634;29.46838416025247;0.996912667949229;4.007845007782127;1.715963111748221;8.60369349439872;6
11.160648358141891;0.6169651722115783;0.9772799325664473;1.732234858258236;0.21479386243479373;37.31906979067022;187.62243945680618;0.9946828162127047;2.9704886485705475;1.8207358462102523;9.093647317144441;6
11.744586453490694;0.9104551067274743;0.7938181039080396;9.481857360826599;0.2955875252228352;67.99313041814537;139.5582745087483;1.000380501638719;2.892886365263767;0.6420134585119537;11.974983655667826;6
4.74796735944817;0.34505176304059115;0.6594229620819976;13.169083392792219;0.3792890460851271;3.973507962553061;262.93303991683166;0.9974778321462298;2.922343378579716;1.3648391332049135;12.24414818384294;7
12.09797230378883;0.9284187686226963;0.5778070502510847;1.1554739242158736;0.5324118563948743;36.717850906874;108.78254249371032;1.002012666683979;3.5795043639576463;1.8619945150590118;8.588415045609429;5
6.611806425628191;0.9108890261186058;0.8661015453778347;1.6154678165805938;0.40847904430668525;42.479960007051986;87.26409055284891;0.9974730681175253;3.580029864832484;1.1044319990053058;12.12694912201013;6
15.460094587404843;1.23237664640311;0.28943952161948794;9.26244603962941;0.27199527221843023;66.33398601127345;147.70797843880814;0.9933151340696899;3.8168636860935816;0.5029177651611492;13.850266414603642;4
6.279888823610176;1.337128944428875;0.46768121248487704;12.864637006636364;0.5028372843485487;4.490255177121359;135.03277057253115;1.0016618714360017;3.6948195133013417;1.0945487956413236;13.095055152410701;4
9.285252598115367;0.7630443714561391;0.6193899693665019;5.67038780230205;0.5544437004063062;41.71847053040034;103.47313707946428;0.9976593233919472;3.3111058851790616;0.9575774868210556;9.252703175485191;6
5.564451249288675;0.5614065440531808;0.4111904758694911;6.004370222592744;0.08373621989288613;61.60772492548495;202.32878753162697;0.9928871749395153;3.518326309187955;1.2946888534302317;12.251085209163497;7
15.864679045859205;0.49862895008295793;0.427486454090268;9.606658863452928;0.33062785355412205;18.176868696465796;220.95599899763604;0.9985621763716037;3.61412153136737;1.062560002959863;12.769641250482387;7
10.274803616743041;0.404150801589113;0.3302846675020844;4.903508181212546;0.18242266388572403;63.21675674519956;247.39446323552866;0.9949421023385159;3.391175317262236;0.358967697845709;8.642002811389897;7
11.327850695716496;0.20416547001057633;0.564231816684536;1.2884821447341883;0.0401896575282915;2.3520820584747195;281.318419133027;1.0015708044394178;3.3440767502535786;1.9899762148008309;13.959759846443546;8
5.35796419448923;0.6199740490986815;0.850574528015116;11.634336364283303;0.41245947037327724;53.00427866849481;81.46370237349876;0.9962439424403658;3.55927375596617;1.2377121970100533;14.290738082383896;6
13.074553315510709;0.5145616305109435;0.20152837800631285;10.034488728945215;0.5287996956980762;67.25103870297437;208.6544555446591;0.999964131297423;3.44799267719908;1.120963361659298;13.927939776854682;7
6.971933201980119;1.5309693833649547;0.9344330387534414;9.379037586212624;0.10957869003195903;47.661033976444415;117.5750806452959;0.9913712031480055;3.5578067277766063;1.9242110104117702;13.760104541929238;4
14.748013470680066;0.9342548863250641;0.6890876537482297;11.728588283280617;0.4986357809167164;32.1710763226118;197.61419806216358;0.995463851596638;3.518325562933472;0.5902868138704187;13.242273789995807;6
6.9180779374466805;0.627024476984541;0.8232732126800302;10.758370228405747;0.5231840443886281;4.1865521695629795;140.70281836882936;1.003461748364754;3.6533796318523413;0.6460267962505646;12.51730820333274;6
6.754771243499432;0.9674826974507961;0.5561906926300116;3.9058770274034886;0.5596899251572236;66.32808074590665;287.23778808332463;1.0010812291426787;3.556360456154253;1.6793846309348484;12.811075532423637;5
5.0130112466834715;0.3232271839647154;0.7795167014240635;6.0462232853729265;0.1709057683625454;34.39103181110181;212.27930442878224;0.9922483937282376;3.4000729577753295;0.7655879036417647;13.641569406677391;7
9.934356479742991;0.7683038738352163;0.01620039733946721;2.741208068507925;0.5534678860487436;3.058768847852309;275.55503802291383;0.9938531463538802;3.6058819503311708;1.66470926750685;12.706239979348481;6
10.982704805867566;1.034302109274753;0.8183804247795352;2.795912395901063;0.2040769900871229;49.9772960643421;242.29638250317555;0.9945620913166237;3.3108420957854934;0.7834609164571993;10.530225218433461;5
5.342507625540382;0.833790834416979;0.04013885908536652;10.772457896805474;0.3428504700598462;35.21044500391433;261.520986159234;0.9989279789339479;3.0469224569852034;0.3854233424757525;10.8437471640488;5
13.36346206865362;0.7065970489553134;0.8899133763628625;13.435561561944475;0.04225397502853699;9.828517538411162;236.480632811753;1.0003802686242491;2.741801139570073;1.1934145888908156;14.2308735444199;6
9.722163832652711;1.5710186477935593;0.9919627472386433;14.95589572437263;0.038284771932877416;16.21329846102843;135.94203389638292;1.0002785524119637;3.451154466875221;0.6584663449918585;8.511293557681553;4
10.525610043401654;1.4052595527374332;0.2940674621767778;10.073867916221888;0.4435035544265895;5.578838312365085;77.25613229716828;0.9970144846468932;3.490132137792974;1.5956033091972268;12.942333778087834;4
9.580619040401977;1.0301726989127826;0.21031855628579366;3.5878793210699715;0.27824350680869686;41.77484131930872;110.80060965249778;1.0011133757253556;3.974502185265157;1.4008033874976873;14.606054090763902;5
9.128622587891183;0.9512909473261328;0.7653633638580407;2.442495043554388;0.16551913284616132;45.16409302689266;11.726853837105978;0.9960230034871568;3.19907748429973;1.8724164555231226;12.99048310472683;6
10.923935743782863;1.0261643005438927;0.2530263409202532;12.767624184436663;0.1260576841189212;36.90770318323655;154.29006639250082;0.9917572532993255;3.2405492183919558;1.637590556633779;14.860427923506585;5
6.354214779017051;0.4139156774207525;0.8655623831722035;9.34984455485599;0.4133021410246716;59.01425144318566;148.93135747652565;0.9977576978833249;2.9962854683045816;0.6318958445840138;12.86904188593415;7
6.655787874596563;0.6969011051659052;0.10284259215747671;9.92696130680031;0.012240524871178583;62.13162631286897;154.64588154702815;1.003040344858267;2.829578554951399;1.6662642552302098;8.623359689909597;6
14.338177517452745;0.177610918020713;0.12595519637935826;12.309346495818755;0.4947288103489157;44.709332164501994;281.65083666709404;1.000870573531966;3.72146170593441;1.401700864839419;13.775564230705005;7
15.29110472211005;0.8142972147307669;0.9791515551006156;11.167847524893794;0.059470514071827366;1.9057100592275686;263.94148297771955;0.9979519028215683;3.0570949517109427;1.4471492417402436;10.250094427605575;6
8.818395273961208;0.9128158925781882;0.6738388982700046;13.08309049169901;0.12670227932996356;50.36130555808923;51.76471626742056;0.9988794930939546;3.513309173508148;1.7198790195701483;11.299371966818867;5
7.6594148065221574;0.452514614710686;0.8468872244289528;1.7207230197142258;0.24335560078415466;30.677944401344963;110.39375360031664;1.0027442548082244;3.6134717551427613;1.2882861955455303;10.428597453396034;7
11.877194838600879;1.5274821168616501;0.324329377351518;11.813801296498971;0.3024303850899461;41.15458130907348;125.97959878810312;0.9959040288602041;3.338470592860393;1.1082258689695315;10.145601690362916;4
9.21869613340849;1.4478037319683734;0.6764837495206044;13.322450256902593;0.22464207437255115;47.08472274334079;108.03081575201631;0.9945835881723987;3.852967183544533;1.3931905290490758;11.204137073853605;4
4.886865818961897;1.1743291237656224;0.5942418273085972;5.07757161989139;0.20410658682559205;25.86679961722245;231.9743576999074;1.0033800301153062;3.3036194480442553;0.8275889063604597;10.861884414864381;5
6.364524350237951;0.8987444779974293;0.603150120122947;10.250530200301492;0.5893856912318398;66.1139938671974;154.3026605725271;1.0018300954784107;3.1018339512630417;0.6349372089154559;12.516700781976832;6
12.690486185975592;1.39015497308562;0.6825324595377216;5.486766132019793;0.3963062290647932;10.512215539234466;167.90424820296988;0.9944698536225054;3.8779397141612604;1.3597016895789815;13.685482806418818;4
12.04584054358471;0.31075242198225583;0.5753591731290986;14.886377570643829;0.026036340265065537;48.67733831695366;247.4028371935829;0.9963866917360558;3.8341866409974443;0.7205267763727476;10.331076245717066;7
4.906184715289363;1.274144299641332;0.42906236930266595;1.387984157558355;0.2696753691581436;1.3095301769172103;234.0776674165465;0.9957233641170862;2.9483307327870447;0.46345823260883323;9.789187493343114;4
7.108285429842328;0.3022383883915985;0.27592269438054684;9.364975519961144;0.5361302111466382;66.65022848376783;43.41586095814481;0.992100683143505;2.77297049330948;0.33092548825737406;12.734819260657225;7
7.211145201445206;1.279547567322132;0.768581330913202;3.33095178692292;0.19257225565999012;8.987793459904497;208.0378272956685;1.0031154991903366;2.8542816565640186;1.3458934003381122;12.757080427900082;5
12.19238800266563;0.5226206496469812;0.2262724300031862;11.298414995586517;0.06863925051985854;7.736780340477799;129.22842447927604;0.9955767353132131;3.1039151961633475;0.9347884684119956;14.257353055360117;7
4.822729076624315;1.400552248286556;0.6923543061544142;3.4679981379124665;0.46627247818236073;24.64354194670934;89.38563956668763;1.0019919821055283;3.9747699482119723;1.5863593210246716;8.50364696194652;4
5.776426976425684;1.498301456985081;0.23333282264932664;4.33659562371602;0.3750022853297127;27.52320630877472;20.155326315318735;0.9926490318210106;3.4493155145142476;0.9565445851828811;13.944764303757315;4
13.63905176471704;0.3372421153314688;0.6253301699544539;8.117813841268068;0.3536171921880758;16.21530513492438;143.89162557776262;0.997532000440879;3.2140423996771714;1.1416257585578387;11.78651412416432;7
6.617554681213969;0.7955063833954745;0.7470782671290289;14.25659026995442;0.04409235920483735;42.543637925825855;106.58858064504238;0.9903963540653926;3.868669440158188;1.0098319046016928;12.438463579618642;6
11.976031018726184;1.55224157211752;0.2187138889065392;3.991029833360374;0.09615890686751487;32.44690096097941;77.17819022842143;1.0004786829899321;3.315483140977695;1.416459901152608;8.993914363649196;3
7.29146542582801;0.8257748565207941;0.05994330086130828;3.005904308324311;0.38490708833165516;3.4264668219172068;202.592099475939;0.9979820472941143;3.140353058069297;0.924752400564997;11.211997063668298;6
5.7236877381806;1.380779382871236;0.13097374299417408;11.981061745068848;0.13648648103384264;23.695296420126343;223.76436461031113;0.9985905301268581;3.9353488015069846;1.939491975403656;9.877465647050405;4
7.347845758293831;0.979548022311727;0.6059969672710255;8.209045172075392;0.31393797776930615;58.5407368636951;75.27543388532722;0.9907744384203944;3.818887436064701;1.8933654676195453;10.05246269553631;5
12.761616329968948;0.6679816655626187;0.8494464062257355;14.212062640773862;0.33838412993160666;49.96880897519267;19.993624580255272;0.9929443420574413;3.81145883678269;1.74620659743766;11.67661824539418;6
14.26937008960103;0.5372439910677704;0.04499682123542437;3.0405725345336974;0.1818208069722927;52.465830604171515;246.1970142599615;0.9910823864814557;3.3906016236737706;1.8669014518564893;13.68096367762023;6
13.981484469607006;0.4167057129856874;0.7341512590416462;10.330547238136374;0.5801066681693542;50.56630160993017;8.81860676081784;0.9940050129812479;3.7425867664956276;1.080063279727183;13.234576045941566;7
9.08817388468854;1.232225359411438;0.3413186459500521;4.3000355338165;0.5166359999945095;23.079084518195362;271.2028357797766;0.9986157192846309;2.967778766265981;1.2258387626384517;12.2414997340587;4
12.149362043248303;0.6843491399616207;0.4785283699195225;3.1887022583139335;0.4447017310720463;8.076138467451088;183.61642433710577;0.9977814531064026;3.4679931560964294;1.5692946295722683;11.906218252897537;6
6.916322538198777;0.8664621748130966;0.9288595498455656;10.87806946129615;0.05871832597923604;20.345170066349816;97.08259776197364;0.9984074805703743;3.989484322016383;1.4925636946473637;11.177489281024185;6
7.9125693519494495;0.8387952008017255;0.33197150473584547;9.567795450667505;0.07557188156610264;60.05675631314631;75.75324841021634;0.9975508023161669;3.109517206757811;1.8174332546611363;14.722614828149013;5
14.728594749288654;0.9628273826803716;0.46533693393948605;11.920480892090035;0.30717602617310846;70.61342664259804;8.548602986846493;0.9937886521971052;3.7488274581445475;1.526272815518681;12.041251602522516;5
4.746921735671317;1.3837426326118463;0.013682414760681105;5.418153616114263;0.10826729616540041;36.063138046650856;72.63841101407823;0.993400192113831;3.362907577154245;1.996467462741529;10.050781589029445;4
5.566246398655489;1.5518794416318067;0.08159872000483837;7.440386183179974;0.5979810126541549;1.6887251995359978;44.97710932935093;0.9919367528897682;2.790553217692051;0.9120046857187569;9.895590148260258;3
6.949114683150109;0.7150729445177727;0.258591591134784;6.81988647442411;0.10695362018241825;10.94318166153026;179.24304046465022;1.0016343453161856;3.7090346352258976;1.7211062295398278;12.373794700038422;6
4.899813903774162;1.3281776262752025;0.027852240821074403;15.267706173911108;0.3039932334429204;23.86772084745487;53.13240157204577;0.9984664488633317;2.9540828133779833;1.4950501541305492;11.798378927521037;4
6.65022041651471;1.2362105801958876;0.631375326048251;5.166834768395064;0.23010851304806174;42.079559750099435;155.60224402286326;0.9926102799903053;3.5419714302585925;1.484615363509081;8.450035719205633;4
11.188369638957521;0.9573522691251369;0.4263983568016225;5.204331679862797;0.39499246645100466;6.331648852177292;173.00294752348523;0.9924835917531653;2.8487935264396556;0.8741454433911482;13.795424919272566;5
9.362097421695227;1.5158288296734224;0.548145202728022;6.076403848897668;0.08929280892476552;67.97836820840159;90.3458006321768;1.0019607448927859;3.9425215948198753;1.6419549933464477;12.976795302510826;4
14.687190335169817;0.4126927926714681;0.17464718589632955;9.143073586838694;0.26975954039739214;26.92094080319245;15.923380572297393;1.0001859943644564;3.1104893367190583;1.8336279573204906;12.701890382907674;7
13.837112247644383;0.27952574705204725;0.2959320294366161;4.58391206625068;0.17654831465147905;65.79347947266244;16.542848213817496;0.9990510154683111;3.0276101584302917;0.6949759307393402;8.847074275034783;7
8.462536074185998;1.3667844717549165;0.6638244748527251;14.263233129537399;0.5437631632783412;56.41704799574855;13.456295010878682;0.9956114891446852;2.9040032331642447;1.374579717984896;10.753363026121194;4
7.531484797773604;0.7611587322852725;0.9653027236303998;4.779009247047447;0.036310841568682355;54.63604634860626;215.17228079964258;0.9936381071854734;3.9414227855405906;0.9848651646016346;14.479984694763111;6
8.890524212290117;1.3565745271423082;0.0504167736022092;13.978909680778843;0.5593227689098691;44.077090164538475;95.99674646244637;1.0034101193935967;3.6441177529004576;1.9825453592224447;14.006830068718864;4
11.270332850417327;1.4239116995853056;0.8903843208552661;2.410735929240136;0.5109634889932472;45.501651010680966;231.3529526288488;1.0009284030118104;3.6819093286719724;1.1296508024389083;10.256029096151968;4
7.629119141298501;0.2111880866838443;0.5768812013112085;10.485815455034924;0.19024485914804845;46.298229700353616;128.1803891475263;0.9941802330191161;3.3742437929529108;0.7112946902408943;9.420882746644402;7
11.652882658695216;1.4098585539596487;0.5639195667556237;14.141988569198357;0.4847851021515857;45.63921847881633;134.19846253487975;1.001613832525313;3.342904287293514;0.9677022341204604;11.319071721595751;4
9.226351669761016;0.7745458208393564;0.5002785352077603;3.363741800614151;0.030696922642909786;40.31470442928365;151.14577651020937;1.0004066531401319;2.8797269785991757;1.4219101109937657;10.712897461339796;6
10.838133143627378;0.865231433946179;0.06939408590418339;15.037573617449123;0.5911524646257428;71.03539531228512;207.7879021541544;0.9941162370893384;3.4509981913916694;0.4570692501537924;12.834471448588943;5
9.528229779229079;1.034825066196087;0.08987685173616067;7.512097062066471;0.3274303706112838;52.99263028722442;83.4013110298071;0.9958796498747712;3.053583948788164;1.3380152067694668;14.681826265548079;5
7.927463082823669;1.4725186058259268;0.6009120056590861;14.707440583238958;0.1936653346132017;56.163193575869;40.40921991798811;0.9926026859262258;3.980974572656515;1.8851453478287596;10.75950942488665;4
15.317522368672371;0.14790949786745547;0.3409585714355583;10.781572636998686;0.22918734434421156;62.94485987094087;163.3642258591836;0.9915825342924298;3.751657793819237;1.7501058553886102;8.804457122239574;7
13.228745474005297;0.816191463744013;0.9172680665776807;5.303168300153853;0.05177680672283792;16.31042315353529;98.53466737769521;0.9999140188872766;3.2644999164449673;0.44301480621883227;14.234491054225504;6
6.183278886160913;1.1240741819486186;0.40659053735947226;3.6492168637897535;0.6046203589111815;6.950095295749316;131.22504176805458;0.9937135114971597;2.932203398538247;1.9889610974942438;8.64667324655916;5
14.413688127646415;1.1751521582394133;0.14328145870264108;5.334531674886452;0.03553587514526478;35.28550499850051;189.08591845945742;1.0012392085614639;3.7373712477462555;1.4968739625854781;14.592978331496665;5
10.107972540219503;1.1310973500441777;0.714718833502036;2.258054175235055;0.40428936676556754;37.4997293889684;145.83758474297957;1.0036301906508265;2.8950082841932714;0.6010089766044195;12.71976628205876;5
14.708440163903234;0.3162752889358579;0.29335342144100984;3.0004723086126144;0.2771988206961685;59.87190637644416;181.53890523953854;0.9911135618657219;2.9804538669412795;0.35073486891293726;14.520979854872671;7
13.638364392204663;0.5571175590226546;0.5254703073558932;2.4280424290586247;0.5804008146950403;32.50863412904583;160.00860059815668;0.99651273840364;3.008631057535169;0.6160420026078928;9.697787963218358;6
9.404912600502339;0.6437246671088397;0.69783278550517;7.074975738626743;0.15935384444377032;41.5305648136462;215.36237325791606;1.000994092057813;3.44725111060683;1.7297537875451834;8.66454866914975;6
4.853903184017327;1.2944783232120773;0.9002641112020704;12.515444293360762;0.33072000753886877;38.42203663445554;205.78006281238845;1.0008155112108916;3.739561950567765;0.36613767265842345;11.573364858797197;4
7.63605416104989;0.5269894137252473;0.7921911948016761;2.964199891558567;0.30093136894106903;3.712397646774765;157.17573938183924;1.0004211612964677;3.139179895980359;0.7193559970422045;11.329052194705815;7
10.720466625667797;0.4276292472461166;0.6763610678727241;2.802678324316104;0.4330169999860107;44.680257658380896;198.12955490329705;0.994823311018812;2.847530664129618;1.594700344209242;10.554699776156738;6
11.758303884035463;1.5178741077956204;0.6796331823951436;10.29406266295303;0.05273812893949989;59.79107328997191;253.2173674431494;0.9962514813424304;3.3299638486760124;1.3088045949498857;14.624767083526535;4
7.514130845395186;0.1329403962656646;0.9459246440320865;3.7788715367337673;0.12807968888398955;12.182538913382071;128.33277444405172;0.9981734690269908;3.690100006273118;1.6371686363015203;13.74679425904931;8
6.174723637022913;1.576818449295688;0.29582409749653604;2.3251065563912774;0.14052432723561706;43.1975531087883;122.8119495879086;1.0033350707482678;3.0215130807209833;1.576071341390736;12.700283138941357;3
14.03471167583208;1.1081590963317975;0.0011120941961874076;3.335989241801433;0.4541523021501721;43.14634865569542;222.28151070122357;0.9945311938301823;3.0193041760100052;0.4145043164934139;9.45857889564588;4
15.72374464195014;1.329565177195711;0.2719545593981987;14.38647837980093;0.1252940790997173;12.657132448001471;170.86273588288432;1.0026432197507036;3.9429783247303227;1.8204940698872332;13.17310215342041;4
10.540299060020349;0.550144318665442;0.217891379626744;12.893480290532386;0.355521566570695;9.765913734882258;26.09491880299256;0.9937386412256183;3.9517752334413556;0.7091431632513887;13.125580955548205;6
6.539975930085829;0.14090030539390758;0.6618345851139982;6.069342610384374;0.14093104848007126;70.58368795133042;258.467700440576;1.0035411942197519;3.997891479718202;1.2541653751837054;11.162943128504049;8
7.677072789668869;1.1972894970998338;0.633711599765529;10.474983202979935;0.528113345100303;28.954061045365666;14.711617933252159;0.9991989914145918;3.7657276939999704;1.4059612214013906;14.41110841314109;5
4.807814644986374;1.3378511116209868;0.5934613827047238;8.744224835553355;0.5763690872392935;17.14694273937058;217.7961688073573;0.9963830263624834;2.978993894843291;0.6116091121781093;9.485356234488568;4
14.931576514133639;1.201095152652138;0.0162434432094537;10.786014246845433;0.322577291990402;13.164042656260621;220.73874238532053;0.9984243776302263;3.009216531415062;1.9603061986906274;10.137694155675819;4
5.930587236658594;0.32856141945922435;0.7287780544506475;10.866998825956287;0.2230330216412978;48.39972166440969;275.7304371347863;0.9937818745223276;3.1720860567334377;1.145220446665806;8.810958205129118;7
11.114636173311066;1.2200047664951748;0.3235304124854915;10.079516619875896;0.15220060723548198;44.270616110236794;21.320037577856773;0.9938042479393062;3.1440283147935335;0.42626330164764703;13.57043122815432;4
7.6968239937654275;1.2426272618771557;0.6650559890066311;4.7850799806447055;0.04181881991230321;46.69220073210664;174.91049160201095;0.9916166128871484;3.9547902413290714;1.8952276147789935;12.441436009620084;4
10.862211428428466;1.08146915287828;0.5565784285021533;1.4694937431371446;0.17283154564229974;7.24842795331311;127.07888148745599;0.9916233650547476;3.742123958259751;1.3090672981327576;10.447111986928123;5
11.961050388376066;1.2385292618815558;0.3427309254279072;7.5512750170555885;0.4038872321872454;64.44095542838903;99.5691262252504;0.9948052891188066;3.659491166045173;1.4976526406288986;9.46478881336305;4
13.976082381891379;1.355045301929489;0.13457626710410775;13.908218716484276;0.3316365418542173;28.63791417344243;31.56015256463767;1.0004600916089486;2.9761732945538277;1.2070435691901542;8.660960505186813;4
6.932560370894816;1.0158620067866893;0.09441889766048095;9.214659974371209;0.5774807256902755;23.249227856555414;165.2311158669805;0.998350567302687;3.8950974603901587;1.724012384477536;9.483846196068589;5
4.724252863840829;0.24936288239573143;0.8315183331122236;13.052909208847856;0.24937008023252866;33.82766275458948;141.56852536591566;0.9914672017117085;3.7913953819728405;0.38533288186266224;11.34635020119478;8
6.146807619777522;0.8319366021141278;0.918397542081558;15.37771540723393;0.42762414205470833;28.694690668081606;35.58891165673987;1.0016774614701718;2.947825138486463;0.7781918700128367;10.00665029856894;6
14.770210652883588;0.2333680286205434;0.6497880467642996;3.2887965804188335;0.3051043257375977;62.313967222879356;179.3345305084746;0.9982606270796047;3.846386321590435;1.114312755192496;10.083384153307783;7
14.474957876456422;0.715012825307349;0.10343411486048337;10.999953531472942;0.31903315333860277;66.97752923905034;214.84073303158158;1.0031568529558086;3.0857543711904984;0.4579280392438958;14.091246383340144;6
11.350768054524483;0.7143754741234163;0.4020272168882407;10.744686176020359;0.1723968144478664;22.54517836792204;223.13975919818245;0.9991979260661407;2.8427045772067747;1.5088641377755192;11.748394877497155;6
11.385840522900283;0.21637437244475272;0.7289392001051572;15.207349531430864;0.28451551532835784;62.33944232965679;262.22061227826697;0.992455881643651;3.5741643292730467;0.9874179014729201;13.140137825334694;8
12.114914422372687;0.6292779795954397;0.7798208840100681;15.289770715710885;0.29400021321061165;56.48814219684777;121.88021995452395;0.9965229293946325;3.5703319174181;0.7853555437478006;8.63212116868293;6
6.581695448444981;0.28205722423531965;0.1182186222910886;10.92550773117229;0.43527887052761144;67.08734473647809;275.71959352006473;0.9989025372785929;2.8605636521483353;0.3356426741700485;10.773561811907186;7
14.932854988952046;1.3000234066134642;3.071884538241587e-05;4.4567759629400365;0.5754433595124822;18.448272165198038;250.91652163840016;0.9904549652283007;3.1449417973494596;1.5321166206224228;11.514600758070372;4
9.332106931280427;1.5036245179081273;0.712137045880605;12.558915236706746;0.20926344521202006;41.96409965858952;89.90994459977475;0.9902730777977885;4.000874367064534;1.722461545817679;9.6117095588662;4
8.929465369219322;0.22558205387659036;0.35659617598620563;2.4626253594811565;0.037278080680197764;20.49266551657157;51.07709956989675;0.9918324688681525;3.601601867101096;0.9897176945881023;9.181245019396002;7
10.463770069696064;1.514468202645884;0.25448133161826025;12.298209840905779;0.3092807801748832;59.51070882439057;129.2151991042278;0.9934976696053193;3.667195461586228;1.2722440216457205;14.056974560248976;4
5.1307154245581215;0.8829618350316479;0.01289746978952544;14.188863412512568;0.338132337957352;1.3780175305455624;119.73733435153855;0.9959204590623516;3.0104049527174683;0.7102366653024295;14.506305576148678;6
6.479002066943697;0.5573658898126559;0.5402994067614997;6.489367563619155;0.11289589012801723;41.102160564934124;168.9285634087308;0.9967089392526083;2.8400532301749712;1.3690700692878222;8.912243537295149;6
12.939779865617986;0.23221862990319872;0.8511507354259817;10.107275306752975;0.46751829915936394;25.083443620306177;171.09830374875267;0.9919499360337342;3.0916651459709907;0.3502695553863849;10.66862163152588;8
5.535624947553929;0.85091143138281;0.9576316462725879;7.180083888613664;0.6019725359564535;23.910543202525236;218.246316579533;0.9992415933075576;3.056100949195354;1.1460353081549266;14.628856582939079;6
11.415618836970186;1.2799926949564933;0.5657449506132892;7.291369802826676;0.5785190554880681;46.788348994409105;150.2988553421877;0.9981894004003068;3.0378710079500277;1.4058231546739561;8.940551265361023;4
7.372444939398926;1.1523462568093792;0.5144613277398942;5.431414980978553;0.13006651725536766;61.45539590129357;35.664807386236646;0.9940806010262166;2.9847979887965406;1.8633802612936559;12.58366892371172;5
8.999040438674335;0.19332997673740168;0.0850563854892411;12.027092458574739;0.5363425807005556;44.25287278892616;248.89644796152902;0.9902560476123887;3.4699397271323633;0.9668308145942146;14.719438911285536;8
7.862239225508908;0.22643667963713912;0.5488728015425998;14.568177836830976;0.43399168821059914;61.575281483917294;93.66337704140794;0.9911275646071118;3.1566914143191136;1.6078676389783197;14.758453845778934;8
8.619101696053924;0.7081949926436502;0.3799790789653946;14.634962544823132;0.28385409172034004;19.786394943553127;280.87718126676555;0.9954048828424577;3.7818381691103635;1.3281373400056462;11.46295165087433;6
12.725218728581975;0.5511241213099971;0.6071352808835769;3.451806759174034;0.3358259856005127;37.88463168831366;39.35441075637495;0.9921671306628767;2.9736132206661776;1.8781102285848845;9.457869200585474;6
7.957475386541878;0.45928111166182983;0.3887263478765467;13.671257284985865;0.5209105048144924;32.9880942737624;277.1850817417984;0.9952022830357353;3.3300763800030513;0.9952907183512492;9.713548047353353;7
11.000372435354938;0.5302665684067218;0.24029912345036675;11.666499044835984;0.2996008288433855;1.8267878647198315;31.756341347752304;0.998625847073431;2.757345452261122;0.86288921758789;14.182409068308566;7
9.979369544849826;1.2930848052134514;0.0949652752283765;4.591426050078224;0.235551214093971;40.53366216299255;71.38322703901783;0.9975233737677158;3.351736549518094;1.8115271378192201;14.325939528143284;4
12.099484168597925;1.4766729583025064;0.31491844458889573;1.8823553486541125;0.3074552483225655;47.96822701437842;19.18212361049127;0.9932186155283314;2.8109145405131226;0.41223815035184286;12.351217685178106;4
15.186176054369765;0.7114499340102469;0.09664483428775228;4.812760096511918;0.3588987526169944;43.02592271375397;205.54702049883556;0.9947528623309442;3.981708860078257;0.5577636061992403;13.380146596554425;6
12.878064698475828;1.4429220631134458;0.17689695082398393;14.218240257010274;0.12525751461323095;53.275872813622925;246.63454244981708;0.9984331049228706;3.7440520033860243;0.4676154057553542;13.209553134557654;4
7.028826278075551;0.5893837238219076;0.9873361585795459;10.144408653478276;0.5516437304299274;41.56510652016848;128.84211615392246;1.0017948454819519;3.3624415753282983;1.7379936274825925;12.701840386929195;7
4.952369426192517;0.8155980000619357;0.4441035569066186;11.427398049108929;0.4158379823489387;5.739268094403741;268.7717472370076;1.0003287670356236;2.849965944887775;0.3477143970284334;13.777300206667604;5
7.563583700588023;0.4500023368113596;0.5318717665050166;4.6544243261927996;0.39132808148515585;9.267632210014511;173.05463730683468;0.9976073083654711;3.492405709803826;1.7689674496800705;12.855143049762088;7
11.32438061691288;1.055095021576732;0.8736185287372153;11.403067071392377;0.07159823948220224;43.34969500562062;184.29201933136608;0.9950044306370706;3.7036299633913843;1.0836172182700157;11.871014987358745;5
5.181111692372029;1.549312428155221;0.9955689004906878;1.3105739916576868;0.37390018896538246;20.523522630128454;245.25363408131787;0.9950419984001194;2.9822109113160264;0.33672221568613114;9.940216356823019;4
10.20893859337397;1.0010999202233328;0.5827144493446815;6.379691648286002;0.08445543668085691;6.654804161468374;89.99445802967041;1.0020476637658011;3.4616245928001135;1.00074744594411;13.235272936771025;5
11.344324192760848;0.6424085628057813;0.8124738210441717;10.050598888718037;0.05913990744204403;31.50179478484682;106.2571991357181;0.9906044975056723;3.774047840946242;0.6419574045452094;11.477346140948784;6
8.376955966231657;1.0658134711461713;0.32694102433667527;3.0330098569032753;0.3278592264897936;40.35690446393953;262.38439313208437;1.003526323617004;3.7156746776108216;1.3727488140785122;10.316145946048811;5
13.311307902327789;0.2994641905594658;0.3057439574472911;12.915852186925248;0.2532685348938505;24.340965172822067;260.9726693789702;0.9991187930957982;3.759799862691284;1.4645291791691497;13.61265079232154;7
5.8045602604116215;1.4174422571874818;0.4027037209945602;4.331456962654012;0.3646973518235777;52.150792858030236;282.34462566484643;0.9993470954613659;3.856740749584544;1.1441710425763496;12.928638402294684;4
5.449056933614639;0.8545025681385611;0.6725072626736491;10.423304247149316;0.06544407866628592;46.70771317518837;261.22024355299294;0.9905875305440905;3.9308562697425273;0.39766760748424884;14.492707160310552;6
12.828532945100719;0.7760506233778774;0.6821916892550988;6.815878281599813;0.27015885464550776;24.630103637508707;42.046286197441134;0.9983173087240191;3.2550118671084904;1.4257351032932273;9.475370660122707;6
10.199051873130042;0.975362591142138;0.3152394346494508;9.602236493973649;0.11669724231204961;54.595949552507804;239.11397297676743;0.9966726771784319;3.462336760204054;1.7362047686212205;12.619730350137207;5
12.378947079633416;1.0321844396725277;0.1332099241366287;2.4687780683820586;0.6032729514685459;47.05734801984552;121.98428930501512;0.9915107087118972;3.7441375980779257;1.5329415431350906;9.987556542573145;5
9.513548926222333;0.22479267709070902;0.6323962564655086;1.146926878855467;0.3481289772486694;46.25862188897105;286.39678373270044;0.9938552977866787;3.6253675637111447;1.716029724655382;14.273289404460671;8
7.384342975601907;1.1166211429861674;0.12832586218876452;14.179640639752398;0.4237746797035795;40.293366755881834;139.6555129050507;1.0021960828936298;4.00431068989576;0.6648509043299821;9.046746192668003;5
13.855856189718457;0.4732202532606732;0.5784925082293301;4.836598128000869;0.20692555012888209;1.8086664342872485;162.73561134812843;0.9975608422240942;2.7573706169028984;1.814442859226326;12.665051741891702;7
13.633399432349465;1.162370843459621;0.693422128056309;12.867284240594703;0.06874860995282714;50.45201002685913;155.92630101767398;0.9957007337538686;3.191019183451054;0.8680630625820978;13.542057189932194;5
12.450070120655022;1.3209007998009272;0.7006114963944516;15.490514386894123;0.5965466468073384;27.69896716875011;97.05157944989261;0.9910599309625518;3.0969054663631574;0.35238603980082506;10.706965962370598;4
7.675240050698578;1.2937794210266795;0.7534721106595967;3.986896366784103;0.18346916219452675;67.92528942126455;27.23125115669584;0.9997963352032194;3.073141129710229;1.738464049369548;14.60189751599476;4
11.269606535620685;0.9266514124155181;0.8728594215656645;4.771492821276992;0.26586110291897097;59.07691874648158;259.46929820374294;0.9996428282146539;3.022612823773585;1.9028415191710937;13.929749449809243;6
8.679005035422303;0.8794480427736967;0.49995899196478844;10.57775289946612;0.4012684890998424;42.72630733672317;233.15725494493918;0.9984332739269663;3.640587277835341;1.4247821896869726;10.315018947951872;5
5.634877428590966;0.3285989035555411;0.7302491895295712;14.99555006516907;0.02679368131398066;18.90492070916813;45.4860788983864;0.9970197772415252;2.8476445310596588;0.7164991728739192;8.449017102653992;7
14.965643402723344;1.252005379588578;0.6191727353658367;14.270889483584861;0.49734521917985486;15.463934922714326;225.82542079207062;0.9959781435580644;3.6818432191080395;0.7504132553518257;10.328271644767396;4
6.146050529384263;0.5162576954522029;0.18663993979768256;8.24198259295754;0.3334103358271435;25.167323475105988;183.11460649232262;0.9981503522864964;3.6206508193606672;1.1092100986374847;10.228518058059827;6
15.337682098175067;0.8451753173142019;0.025689644869408168;12.50861012489018;0.17865209505422447;34.83632399418131;121.78769198068711;0.9932488460525409;3.0585212482761386;1.8293779029343706;14.184769948755909;6
9.6398652344249;0.5350401756741744;0.28454138567693377;2.8818894552585554;0.048903183190189076;22.020651212765245;77.88798519404425;1.0028899484540996;3.061098904619755;0.5798280857664225;14.686287658655859;7
6.692002095876402;0.315389409979552;0.4430337063376194;15.17059748937858;0.10933655086919042;37.559994172866276;249.3032457311318;0.9980893814874348;3.538652943387518;1.7093760282044232;8.857859908806693;7
10.723480705375447;1.0391542374619354;0.6171059444286563;14.979557216925404;0.5481252814532087;12.7413002114362;204.15327738021702;0.9943084410921066;3.7079573039642706;0.8164756905376012;11.463416385466559;5
14.464287945403413;0.19932477084143957;0.8499593305032054;3.290442785035896;0.4229285101375987;70.41760971061049;161.01039437976573;0.9961946395690559;3.853136728620954;1.6803389029465934;11.964157990443672;8
12.874141216428042;1.213022041824252;0.19624571670616564;5.271577622125357;0.16169113126049703;8.662643402514565;178.50789509326535;1.0010434268245032;3.822217246095184;1.8668528999945695;9.003925798643072;4
13.714140970834382;0.5836767210812304;0.1255497898984771;2.362262963598797;0.05129485820207269;67.16803391546041;31.771729529257218;0.9922712107471466;3.9654014025880935;1.0439147662305148;10.853735109393897;6
12.044252043831106;0.12019665178654856;0.9634799474743275;4.867076943913424;0.42567857211959514;65.86403880959134;140.1192923378673;0.9940584211779088;3.4783588170773694;0.9396345923562366;10.46103571305418;8
12.422725179051733;0.8662485432863555;0.10804455937640711;12.812954525462017;0.3548722278546913;38.30059420918436;60.81718285835367;0.9993248992696718;3.8939925629022563;1.669709602682074;11.884366303126068;5
14.195910862688109;0.18840378645030054;0.47849107010718916;6.423407864612789;0.2543071951504828;52.46862930036199;64.97258115949758;0.9943669629922879;3.7668118570407216;1.214236413573588;12.697740848257597;8
7.421248500108801;0.5232075544185132;0.5855637287933019;2.1905957203426722;0.22980325806484825;31.959429156053734;193.14902132718328;1.0008638729069532;3.876227882878797;1.4730299109335392;12.972653218227684;6
10.130502089167488;1.1521856716853458;0.5413744209074383;5.896492661772006;0.14187175128153587;45.73245500551311;263.88549096910356;0.9918467764953557;2.7547657836324158;1.37012482572517;9.28890765348702;5
7.099666692561505;0.21152684756792417;0.0860321570329432;15.22819667992269;0.4130971426659731;25.18089155689943;120.26312076537207;1.0004577856415917;3.9666967996695797;0.5853243722268099;13.68416006264004;7
15.760648490362112;1.3454341988397633;0.05702691400361937;10.093380490784362;0.5934301486485284;22.38229040476662;64.79304426244988;0.9910009503562647;3.3413833068150276;1.740799901683568;12.810523193639934;4
15.26787053845873;0.12557708708153134;0.10548342746103567;6.975949817529903;0.11725343225625867;42.05431481803547;189.59538323797315;0.9902415113845313;3.7536923967600506;0.6569444360599375;14.178986958853677;8
5.045522968464116;0.4803628490347773;0.5855876838726125;3.331462297060142;0.3696728553892865;36.367206867062606;252.54593411713992;1.002303804326494;2.901549231558982;1.886911180598204;11.320684386330322;7
12.572999449427279;1.2017199219820243;0.5443448876343211;15.298181240341943;0.26608684839183977;42.14708220964866;217.77422071766492;0.9979878401346179;3.242845191683747;0.7484540566749869;14.210283457694246;5
15.055305986797023;0.5817544186047878;0.23374079203674425;12.88439553524168;0.2795665443250543;21.35290127137863;251.85829624185416;0.9948618823383224;3.0847550420366585;1.555581225367149;14.027531795314491;6
6.640501399938868;0.26876288657637976;0.6377741418455916;5.009568615783423;0.16423422079656083;27.054006059006664;157.84497189605622;0.9932379389554477;3.11040663853619;0.8053745071342987;11.249660660335252;7
11.017781105244712;0.6459415214486247;0.8200675020556494;1.923002957529366;0.50625579052119;6.956755204652561;218.78097715648101;0.9984719843680123;2.89653463733762;0.8607016323400627;10.877431549404362;6
14.945017762744873;0.5147741981214073;0.041578959846593766;1.7267331377123472;0.30266810688419743;4.711622431326606;45.63827029857902;0.9970026097397704;3.7633200673296185;0.8477030941464498;14.46327809730667;7
4.983589558019527;1.35035937715441;0.4981299435480424;2.657520982780794;0.3375001054667602;18.995456206784155;104.56171614778319;1.0035755617027184;2.7517377395179694;1.5789800642235592;13.048570774499845;4
12.480849019889291;0.577487959674309;0.6893104121026903;9.379221320770556;0.19455178676559814;6.2715270124687486;116.24241354827085;1.003461401738224;3.1368819303712074;1.2598812470088865;14.433594751847492;7
7.960043783309823;1.2718414087929704;0.2523119270696871;14.459945949600188;0.12090327093450288;8.368004313066589;150.6966961876278;0.9987190345908487;2.9615013898848472;1.8045306012653202;13.580336062822784;4
15.045677007754794;1.4221333314236726;0.3077709052931491;8.152454048887373;0.06346032253348947;58.71791678296953;268.9286099526811;0.9961018962931623;3.4880794545725924;0.8433124410707549;12.360433355394193;4
15.572958170368656;0.7533734325817331;0.6136379029893838;13.20700404386048;0.4397573654140246;3.7600324881849403;253.42592654287532;0.9967593399996141;3.062900551320471;1.485627511834763;9.15304305052447;6
15.270211326981803;1.4485169900274122;0.8979352934437369;7.409944649953195;0.1295443347310255;47.784938369366735;44.070714317839226;0.999365364882146;3.0689280372506866;1.5874241614373947;10.29462437176414;4
9.95862064822934;0.6708843587862615;0.8099244203028994;11.245319768210248;0.42535513715908985;20.351600165893437;54.899471482737084;0.9914534452924859;3.360189442874055;0.5829751287600302;14.697475646139544;6
14.341081956179242;1.527554488075558;0.5831302190995835;11.585341964382913;0.24583549118212536;62.87974333027698;107.21227553366191;0.994542155245302;3.5689150799629754;0.9989842267240847;10.476243641642329;4
14.143408203446295;0.25036270580733644;0.7302217177572492;3.439870106188744;0.2610491057928012;35.434452205002465;88.28051404706072;0.9910952079224691;2.894056974797758;1.1363052155651865;9.006156653604911;7
8.205835347648788;1.1230481290947343;0.3648224702077987;6.173754461046852;0.29303732015957024;22.695928612275626;179.98017974322224;0.9910691735446204;2.9628995446311803;0.923997941123605;12.999096813475578;5
13.966744857902654;0.8409684990671158;0.6409655280987577;10.20461148545515;0.23225739636839837;37.75236443394985;261.4856215173662;0.9927373304745994;3.0539119256350373;0.8679280352684606;13.171027654533948;6
5.0181862722850665;0.6859672559652447;0.46618159112755697;1.9321704794917465;0.07227136635633145;28.119019352214085;278.32850629334206;0.9966791493275597;3.9766602319298094;1.476321222976062;10.25547518186648;6
11.337849626847198;1.0437593429729572;0.1899361364575609;6.178486741339166;0.19746945419170464;41.065375591557945;190.96963556746908;1.0007586262542372;3.244383674927509;0.6904968840913459;10.334867865750974;4
7.199099861351044;1.1476313537861236;0.7017382738772572;8.70807220770541;0.4095768820556691;9.131833651170725;243.19905399650753;0.9966824540376792;3.5007174151014038;1.514682544569385;11.447804405807096;4
5.962405809283251;0.12637037368945125;0.556464637348822;15.444877598451725;0.4108048564798537;71.78632569969113;154.6322226653156;0.994639191435839;3.046759372149292;1.89152380797252;8.541628173454662;8
5.469571178410063;0.3637515095709101;0.3586215819535914;7.828190014287635;0.18344836003675663;31.214467316466944;64.95652596139124;0.9911916477283866;3.3628835969500095;1.2738798603668444;13.530599567347565;7
12.46806316742298;1.161047233926105;0.9113391900786307;12.814428653869124;0.2876014733080551;25.724375419223175;154.4868206224541;0.9975650250257542;2.834131351470167;1.3510951753549216;10.461077117281818;5
8.440587090579147;1.0929227038241813;0.020934117826733267;7.208182361972619;0.12787488957915055;51.424899230454805;163.08837620685526;0.9937646781479008;2.7841225253213553;0.4451176125472288;13.949460163012855;5
12.789864518275005;1.530429357487869;0.315773151249496;12.52730455024775;0.13801287683637165;26.836857861168607;216.11549067243652;0.9984454035032315;3.3352915790632545;1.7736764290417733;13.617097740400219;4
5.338526651028048;1.2311151737661432;0.05688139777764656;9.593056103653582;0.02580520595555784;60.162475657041796;68.22688608717979;1.0033792970069835;3.2462972951483833;0.8066978046237754;12.69911321527209;4
8.162780817485896;1.5081281532877533;0.7665273162216272;13.844293445935016;0.549151183394739;33.25322142959019;110.23183813054507;0.9915861010585242;2.9138380060086213;1.3571354464327035;10.511686636145377;4
10.696251603841311;1.145709132240818;0.7021074541137926;6.899761264311604;0.13821329237986882;52.08864734184588;109.01977378772226;0.9929591479305928;3.613253814729332;1.96511732347382;11.756057650797604;5
13.535171762680289;0.555156224613587;0.33135221873631704;9.722844529393592;0.14829279228494152;8.629178367373946;277.52140559474964;0.9965135476089134;4.000987433442066;1.324489342956589;11.291390174386734;6
8.20190328313239;0.2738327864862504;0.675662902207073;10.098272737034879;0.17948125815443397;61.074462174412936;131.63642377246146;1.0032625201650116;3.242471462919825;1.5402648440655107;10.602732260616383;7
11.672572553738203;1.2614628404836061;0.39593722619594984;6.99379095028691;0.08831743494556196;53.2359770612458;219.69159274537546;1.0005820491527972;3.533189467615091;1.0736837624336657;13.912885880470657;4
14.611548555068914;1.0604578633548372;0.7562537914224343;3.00695583783723;0.3949184670256363;16.031891270799562;218.47962092896626;1.0023038816108778;3.9629794468028967;0.4308109586701458;11.542795984754825;5
11.559254026460042;0.1903515780942125;0.4541836627367061;2.265967340920099;0.05701062895337436;11.315306691950852;81.14900429931731;0.9946151962362403;3.7960494150075315;1.6619909136479467;13.812700135681453;8
7.232442064716061;0.6456736802154284;0.41227972783166555;1.1434046387546433;0.09238725336948381;23.456756759519333;167.8391220922002;1.0035815640128645;3.328711323594411;0.3884480649108561;9.083920081921859;6
4.875728831588879;1.5169277306070579;0.934729915488301;13.653600257980134;0.39820927922746563;70.30101160826521;259.08771880917743;0.9914705829547938;3.6766116452640976;1.5000985742427164;9.316661125902183;4
14.432117275080508;0.8505856727368938;0.25087909989070023;4.35253371868494;0.2154567116683842;19.235041794261164;140.4809546063167;0.9907914909803479;2.902731501118166;0.3682790271598937;14.75258198323435;6
4.840344342609375;0.7517845385887687;0.12044733999656543;3.9879985395138133;0.43606074819401225;33.38503183521096;273.4682545779405;1.001723307780476;3.3903718964390253;1.77004974508304;12.220495006939583;6
14.484128901331454;0.7882414235325692;0.5845431132594582;11.646116846220556;0.3458974220574151;3.131436025930878;66.69167889873773;1.0026993475322192;3.0944065520185196;0.5932521798410776;11.713502877743819;6
10.576989614507497;0.42496877704753905;0.9693218122841789;5.57223525107592;0.16535668266384632;29.20315459920251;26.987026934050697;0.9913037725697779;2.944677883628125;1.1888333973890604;11.800514410436726;7
15.211464993195728;0.658312469462601;0.37783921372718665;8.288252509212814;0.4018459423431075;41.563721095750296;258.28144609996406;0.9916148815522784;3.2813767509432594;1.327241676486856;9.79924703121359;6
13.626250564242419;0.6599273537412779;0.06203676362878152;3.2726615533428616;0.0816479344954355;68.67184748806552;245.8937790233073;0.9905218320286336;2.9063884841306904;1.0941008303135982;13.071575671762826;6
15.876655449026714;0.1964383294737097;0.33930526730956745;14.91228753334475;0.3333098194649382;37.688259190744574;286.9029348892781;0.991493393003194;3.6277110873815968;0.8990750272126418;8.951074054243403;7
8.563043514604324;1.2406487376361608;0.5059316543195584;13.333088440251666;0.27385171492197574;59.15662015861583;198.2683571358166;0.9929222979048198;3.3194248559477364;1.1112498746222228;12.126604135169652;5
13.269227664921734;0.7280964705796633;0.1619230066322137;13.511328495289048;0.17245627610764702;39.84606262239194;271.0826832468033;1.0032824435495542;3.414553683357123;0.850064308981535;12.10999717780836;6
9.141819323784436;1.320382634751978;0.658102218056492;6.838896729151276;0.3737989936459606;3.8957359539217853;240.02657409880337;0.9991662562269045;2.9258974421085595;1.0616643196250415;14.342224756867822;4
10.022594509434171;1.3615080816350473;0.9977493890102006;12.030473720124723;0.5339288218118292;23.365587538473957;244.9726522729846;1.0006738922075624;2.9175100095887383;0.9293846949667113;11.820188265681592;4
11.690811734367582;0.42951131986004076;0.4517394759814438;3.00059186869079;0.610343915158083;41.864015056008334;167.06706443855794;1.0006410186782786;3.4809376027803576;1.2755620552569327;9.290907523832168;7
14.472551390305629;1.0797360839683878;0.35472855673021264;1.0258374378399922;0.3760498984773113;68.49217158110983;114.20918121042916;0.9973577044719929;3.9909623797433964;0.7273333509491224;12.122896185113056;5
15.720143201952036;0.8095314340779532;0.40070416683446664;1.1916048156392107;0.2544188187231729;61.99825554233757;270.47993452974873;1.0009317998764513;2.862238240711912;1.981056446706401;8.99362968837466;5
13.281489576669056;1.4050288373653683;0.11514617839520114;9.464385366106583;0.14689905302950476;17.213248606698183;128.28916069929812;0.9981848985911513;3.1028789142785422;1.1664528221482164;9.72465992944949;4
9.320764638490871;0.434981391597623;0.8832736014262238;7.548765616619936;0.16600055754767193;16.62779793136061;158.48588093165634;0.9943541178493577;3.8442130780031167;0.6542506692822311;8.602205797218206;7
9.361334125730892;1.1096072724526644;0.414825655521352;8.463024094064387;0.29919353191170966;15.283280665086954;132.25034891642812;0.9977123196814256;2.8317854555641513;1.126701471777345;11.73640828598674;5
12.934680007954475;1.007318098488975;0.3872744114248413;1.0089618500914033;0.23199934306714484;66.49742163747773;165.84358285073577;0.9973363869431521;3.852374866136028;1.7769132663064564;8.949461999408221;5
7.2981817471818164;0.5511401572548759;0.6596902729304743;7.071224646998416;0.5593748990523416;61.53929687022217;139.1529373548286;1.0012854305922019;3.405843198885934;0.36641734451774066;11.45106346045364;6
5.848357478384759;0.319437319330712;0.4420334209311235;11.383795153532567;0.23260898512577002;56.01672368995936;19.574819077991673;1.0034411247007382;3.258498802886561;1.4648553789091723;14.464142729606937;7
8.607230381340774;1.0713940502968238;0.648233468807846;7.363328048724563;0.23569331009611585;28.884193109920158;255.61963664017873;0.995668399741033;3.133294316726349;1.2451062206458599;13.078449184625658;5
7.845800605691124;1.1983522888732026;0.061446290130787506;11.590400412158445;0.2417371729479522;36.811030005212444;131.76345075316286;1.0004673810403713;3.1173387908223593;0.6131618505981263;8.903175882464405;4
7.948281761152687;0.580815921894491;0.8137233437222274;4.302076880193788;0.5131355060102272;33.96755388045585;172.6710525275797;0.9914287721149994;3.1283692797108382;1.6951856536392176;9.857363779357481;6
7.239767586863982;1.061455601872578;0.9405039528794026;12.771873265433191;0.4018222041872942;18.991265636715458;45.39014818051033;1.0006504432518857;3.8636999128194485;0.9460373193645895;12.778805729307322;5
5.075653042890889;0.6968911251127947;0.648765386159386;9.491096110620404;0.3798871413410167;36.856991276562454;6.958760979086875;0.9951286983413478;3.6592199423219776;0.8206493881218975;14.215562096657195;6
4.801975462487576;1.161282049592622;0.9545659288588108;3.9771412516766307;0.21215167040793345;3.1652548975455668;75.41709650115095;0.9906064940185575;3.5905482199455614;1.7129690704010248;8.6139708139657;5
15.761263004017156;0.41085430134531753;0.1514323143699633;4.356118947465961;0.5019246019226312;10.358536518319601;205.3978470937381;0.9950174129520168;3.754411419169041;1.39633682714008;13.680932356183861;7
9.433836411215244;1.4197139038488147;0.4774161894803537;10.069244782715241;0.03497995295206498;63.94786132799519;34.07205202194464;0.9983869542675528;3.066535622015264;1.8300926697369568;12.051790222199006;4
8.942891112904402;0.5396180108397464;0.6018067339454473;13.017118060901673;0.5336075062305298;54.36926345923105;263.2151456293704;0.9916941872838215;3.52491437134383;1.3819057851309031;11.949593614426552;6
12.28001429443169;0.6569675421239832;0.5817366474211867;6.968165617625666;0.3191371899765638;31.023657043195183;66.85138712780024;1.0026553497869;3.324284123476598;1.5671654887466326;14.625785687896826;6
7.066268932875225;0.20481425003731069;0.40146177908904324;4.671186265262846;0.2505518906831843;37.717675722155285;63.89999284457255;0.9911278982687761;3.7337008767042454;1.7268646467535536;13.259689981879024;8
15.334561378637547;0.2828078299890635;0.3380844093662614;13.558369460894767;0.30980320114989374;27.269920903158397;57.36675313888323;1.0027366915241276;3.1327552603010727;0.42141519196959465;13.925772642364727;7
13.485698662895738;0.8731583779599991;0.1268240225504188;10.67131705956219;0.4117819027897648;53.595370568407745;9.956824770896223;0.999701212994284;3.5568368434247675;1.6260017613118651;10.700971202040334;5
5.610344326128532;0.5106853080228384;0.3917424505622782;7.442048114332917;0.01964649048422052;56.67728972547765;224.4209475793404;0.9945606798291414;3.860409763007988;1.3548898246887933;12.003366265384663;7
9.318662766369691;1.3398011295836039;0.16266081510548513;8.023342851077807;0.5340595620184904;55.1932485044243;253.63477234240816;0.9953920197357978;3.2507311047675596;0.4460780201803727;12.40013690328051;4
14.534036875452461;0.1414523474362326;0.7343656764922184;3.8821444318713874;0.2795969756615243;52.30543246324592;179.80804484038427;1.0001598235476599;2.824610050956676;1.179325129520754;10.490295612356023;8
15.275471851892936;0.6734773110610268;0.20883093549458998;10.051318398946721;0.21743694530034682;15.519808047188503;59.26059481540103;0.998262036394002;3.395384544374077;0.467704990233203;12.106612812158097;6
9.881637077123528;0.6125244982828753;0.05856530528453385;6.137640653926175;0.0948090938148002;24.995868526073995;86.73367313426897;0.9992177765902164;3.179385059514923;1.5590318268777814;9.93825996661814;6
11.531548698080996;0.1482183411396975;0.5523661378172343;15.436419579445499;0.2752397592407068;34.35902588384092;140.68725535428462;0.9953704220769136;3.593726233294912;1.2426578622094646;9.331941861943557;7
6.48748359084045;0.3015778625407449;0.5952297327194016;7.910679322823563;0.30929733999934295;24.486302391363548;276.0799043093941;0.9967140196222195;3.9478118144307297;1.9224678074785366;10.830806685302662;7
15.800205475347836;0.7239183053812075;0.8719130612805055;7.993929850368352;0.2537843700015932;54.60075421124136;76.00043822442122;1.0035519951325962;3.3567225638559957;0.6358360705248556;13.20538258685184;6
7.21789022563291;0.839582293293272;0.5769816124176819;9.161436096195809;0.4185173962023113;24.38410022174678;213.05579080932833;0.9929836294962061;3.332061592297528;1.342075865709032;14.35521646248027;6
15.25286904772692;0.7102630309921089;0.3454808537234457;14.284637645533703;0.2641170207267764;10.814478161758938;130.36384719189647;0.9957612012604314;3.5713226962431546;0.6833421647327206;11.375141334738512;6
11.941007133613763;0.895169010481657;0.8030118815263205;12.591944257952354;0.5878891291300974;29.33187209542959;90.29079958588618;0.9940446318147574;2.8714418295638313;1.3554885244947552;12.578353973790307;5
11.467425782131109;0.988892245362295;0.5402788931874211;7.486499019048485;0.3709672331763315;70.573924727549;135.0242101772582;1.0004908187721908;3.0619528599347685;1.5368250029426302;9.069741351338154;5
10.393380174486547;0.13448877884664;0.07928028463119174;11.393009283202822;0.49567928345549345;17.037580318283887;26.15150106416881;1.000475851961567;3.9071037433855063;1.5362482299803295;14.279014430590138;7
7.2065688724106725;0.7975789328021157;0.5658505603132467;9.45903828219912;0.07750418596257783;44.46326478496926;232.02852597329257;0.9940531071787845;3.590827118971983;1.6911735644399586;12.095927388204574;6
6.594766761662243;1.526708891695879;0.9080185454216624;8.088558911038234;0.24997748447459753;31.741086538619147;74.8544456191797;0.9911785361125413;2.757073935858939;1.7554288806903888;13.47219860956352;4
7.091494162492982;0.8777871289891411;0.39631262549822055;3.7078102826515176;0.21377177316684448;6.042744303102191;211.29163086361064;0.9902257130562754;2.9998743501499554;0.45904378286618563;13.56386780598906;6
6.706752362230076;1.1092117104900716;0.29632580189980007;7.673469446441407;0.3531199504938185;35.639239025862224;25.342589119839108;0.9958918762627627;3.607203327856702;0.9032561523109148;10.067123421392688;4
13.409304551304313;0.5753212325586494;0.14346945701802005;4.48895137052959;0.5278069985167939;50.853667334030185;276.2928913948892;0.9956587980348532;3.710786987254469;1.4774946090008756;11.839633945682023;6
8.55641542858405;1.2500274121030333;0.15144552193535732;14.256695387834158;0.058924592439441995;37.438618283775135;60.623240869812705;1.003531870147075;3.806621657296033;1.1626390999433243;14.643118385146353;4
5.253622245166379;1.248465363539128;0.4327714843418189;5.796939477046665;0.055472304028781755;62.91953052600726;255.81600756660376;0.9964687042710024;3.111064540295197;0.6484288310805018;8.982624541335381;4
15.550859720591168;0.8810922295750429;0.5956798241615295;14.803054612187236;0.5213403071864017;21.514528182688366;235.08091832116796;0.9935624181936172;3.9224063172725043;1.2530249821783856;12.839824337192162;6
14.58678050008671;1.5449801819876519;0.08061540516960175;8.682607235382783;0.1394972015369761;7.123691162581509;279.9043585150407;1.0022085449868485;3.442242554843923;1.0104175401194602;14.654716507228619;4
15.083600800105907;0.30330331355347395;0.9395685890251657;10.120547928671941;0.4125831994154384;67.49615842771843;141.24305704764714;0.9967583454742818;3.624604558432624;0.9813639236826894;10.353751202351145;7
15.84245839590472;0.14474359073878823;0.7551336174451959;8.826930489544186;0.3371840012841223;27.85194081650355;211.85343415840427;0.9982307721515681;3.497858355730483;1.6822887081175586;13.999411489128263;8
6.565016316180206;1.2444309891653602;0.5866239182836627;2.788957007713833;0.5109032633374504;41.92479415320797;110.91111594169288;0.9913730078360322;2.8958798694367682;1.0106892174997426;14.468774045153765;5
9.077534813600044;1.2984470845527283;0.8284386709389908;6.386989797515938;0.08692825699200571;57.232221955243915;58.17621135957335;0.9952853214678316;3.9631556174187974;0.37417902415230836;13.256060361066364;4
13.168094775456233;0.2955025545160413;0.08018675681211329;2.3475332392533095;0.08973999646784415;24.02627013516622;131.390489020166;1.002930326446333;2.896051986465574;0.42696577594812246;9.90363402999523;7
12.465032984007852;0.5077509361195649;0.4768388777331244;9.995129045077373;0.34553419780670624;51.847682210610394;52.90697135493273;0.9980990633324692;3.0637000846422033;1.759927549625006;10.571004672372862;7
6.339023741640362;0.1456264505152782;0.6300931268616634;7.424363249926408;0.5788808133616642;10.614738337065791;283.91862824854667;0.9947621152670403;3.773307407883185;1.9342033527209106;8.63276041371525;7
13.81891431239398;0.5482305717396244;0.8286529061182892;12.258580584935677;0.2605836572640818;21.681856051590874;33.23775699282273;0.9985915870002022;3.5256181411063987;1.4796435918810316;13.80444602259481;7
7.136178461754265;1.2487871359212606;0.7834695600492677;4.1188690225908;0.20783831805256228;11.274455165692913;172.74691773709156;1.002469799040054;3.804449440027973;0.9384950511471339;13.922472712322019;5
7.129139047495641;0.8762223704603652;0.27706924971339963;3.3026644530682896;0.3754069045955336;58.597369646496404;183.28927103689782;0.9938017519784367;3.394984959235037;1.8974625273771948;12.512617014780254;5
10.667810978695574;0.6282195660257006;0.9408801695592043;6.83245057207101;0.5693387117264737;16.808095701101763;158.27651063335736;0.9969496897055705;3.2187814089156266;1.4368811542474789;10.691431033215034;6
11.300221263711245;0.6627393705632422;0.12434584143087035;14.428146594988364;0.5133197718739296;51.93565243376993;193.3986056564489;1.0031273667062781;3.9107437844256867;1.740037027162894;8.899271679659483;6
11.154974148567266;0.1219762935445835;0.8751336186211521;11.272158499181211;0.6082946828291987;67.97418620444134;38.87915932836514;0.9924180354717249;2.7860404432437895;1.6089733477418056;13.294874464446913;8
5.63380126259463;0.5577087702452443;0.9709402496046186;7.016284921976613;0.025518581338223878;38.47182684389027;163.07024235009737;0.9998718226666272;3.827285379848368;0.9631626573402292;13.122420258464498;7
14.515307747723298;1.0638297627913786;0.17715352322262556;8.452173678412933;0.07960202868294457;39.342072650508825;87.28115762904332;0.9984392313317246;3.033138587188483;1.1294326754208117;14.331916391302856;5
7.601280481252378;1.5423238879718815;0.7220660642037853;2.129509963185636;0.37707119025660657;33.733383334944655;272.06982591419904;0.9993271752861355;3.8178951362475386;0.6408406977947261;13.148458136534854;4
6.063518610495687;1.3567088073964935;0.040285518777998464;15.274808087091252;0.503525287160976;24.138200180948637;221.66627792344238;0.9948536113696923;2.916779699039445;0.8176635477360259;13.786517124586013;4
14.642853302519443;0.15444864838247252;0.40542282513915495;10.629546648545817;0.18286136104175316;34.771507195669116;281.22159845120717;0.9943450370668488;3.4768780838869864;1.6294698543484913;13.248705016375997;8
15.398861929996214;1.4318984828252654;0.516283299197674;5.066899399565968;0.15528744173249703;43.799334790939916;16.628367736473642;0.9993889357134136;3.867897057144569;1.8229439144447908;12.499466724030057;4
14.342042075099592;1.2634696834159937;0.5806452259096341;9.452802555542567;0.4833985038293393;71.00540162411681;86.69268857614055;0.9930056995431239;3.341395351561591;1.5398489068298578;11.17528156224156;4
13.747531644391122;1.2593491404136312;0.9359372482485595;2.498442544607312;0.04577273045808572;67.58128371159393;61.30459201865276;0.9957856976249796;3.6881396757303087;1.106840073416586;14.263762506174807;5
12.004234381220947;0.7886738081452144;0.6722506872941947;15.00121536459072;0.23326020590196847;62.21286003881165;9.15674820924803;0.9926329386792407;3.761932954676559;0.4744704791293784;12.631295717398555;6
10.824688287883275;0.7010877277135741;0.481277951219237;3.4518608230971424;0.3149797243328055;64.12826803504494;74.57818165970896;0.9901831119360998;3.6753476450703095;0.42510307432640854;10.989309592778408;6
5.5829503869989345;0.5622569640964612;0.8096750362658893;10.361242643606127;0.3476488559358437;34.21729201373505;198.09360333628138;1.0032821812437185;3.9151687658307397;0.9551236929034659;8.942550418682723;6
9.215521307698896;0.21591449407337404;0.9505328209544089;4.483635153068384;0.44844047891887334;47.6785472296;71.3981649640829;0.9959497945693004;3.3074794727603094;1.1045822703419974;10.289581563378484;8
8.811380242239148;0.4532236307008007;0.022066148682290843;11.376396186668622;0.22455258833496428;64.5497373284712;150.04797507158096;1.003272541748398;2.9598693077397478;1.347231439096206;11.93422377639607;7
7.5352177564916865;0.4800413070679159;0.9825212722560387;12.241591961708103;0.37899792246008973;28.899504314386068;257.2525265350946;0.9919812063392378;2.8007200509021497;0.3408375007162854;10.191629905105264;7
12.77464728468101;0.8267525217768943;0.08613213906368034;10.731928042106917;0.36263987825178284;69.28513596252829;202.3334914587883;0.9980699355362109;3.0530040344396316;1.9828372270787316;9.838029761466364;5
10.203395806390109;1.211268833631173;0.8143867792687614;9.871692119725811;0.3400220442915945;30.520810406911995;117.68002678340704;0.9928072663266166;2.9218608299279074;0.9377779352847517;11.828057841571006;5
5.515822239756421;0.811762349461002;0.2803347525514125;13.93004877169937;0.3956494925921851;43.67686924291831;111.40870971212665;1.0008308096092398;3.44859490162179;1.7463180885478728;9.503832248322276;5
7.088070182032868;0.20445289619285448;0.13217965775387175;2.0479499804504675;0.16741005346977772;51.39613464233841;134.97323536440118;1.0007440347069245;2.9748805782588996;1.2233943984612252;13.602665411613174;7
12.320824029353435;1.5183731094427775;0.4398556397138349;5.73135558039085;0.06270460339719276;68.49203292839162;56.10272781995351;0.9916037093699154;2.7894458082575015;0.5478338890706886;11.548392983727277;4
5.460278712240392;1.4963775058774038;0.6439565794476135;4.5249972026103515;0.0834437315518063;18.36775545771089;185.42221717872462;1.0024923178481764;2.785707082663208;1.6619344727326515;12.130108030757226;4
14.218638128751087;1.2663767329966764;0.380951845023475;15.325003846155155;0.14652484720968675;53.9752994549436;109.05524780660336;0.9927208557949079;3.796093262923374;1.5154112151161931;9.357991239382766;4
10.195155755257911;1.5673387362837619;0.05456540828269896;6.585090783136353;0.31161856337814836;37.97790661622984;247.21939384115836;0.9984187513924471;3.4911414129326417;1.2108182618318106;10.509746181590888;3
10.030628323791122;0.9149442058883839;0.5994611396587166;11.596145408909821;0.515425207577066;20.067556984065515;220.10440279636202;1.0034943299055945;3.1947683334045904;1.1893036625274127;11.065582941197494;5
11.29420796665255;1.5256417913696807;0.9024032761106747;10.896987392662666;0.4320747119109421;56.13908562554373;178.7752254380813;1.0020882408035179;3.8756696142801133;0.47609094160404986;13.65338339835727;4
13.918894914954185;0.23038335930045611;0.3832153659472517;3.9963860671697145;0.48463532191702624;40.20778189234311;109.06922900981304;1.0030984007070032;2.8291496964877965;1.4252677441183699;13.406036900059991;7
8.530244049294781;0.6538938924616021;0.21633277763082703;4.389366131088649;0.22223439873172873;47.92914126612698;65.41070836359609;0.9947361952639908;3.9850090323643386;1.8517794101096805;9.849353586119928;6
12.261582523917419;0.4490566512898781;0.4425773459328154;5.006754627874298;0.25438759124748156;23.92597586903097;225.65097754189128;0.991507940247029;3.5226905736231653;0.48571901509966847;12.405164030445551;7
10.99277119315244;0.40591630283603425;0.04836271104878087;6.902458262586937;0.24781544970837707;35.17045057975996;143.65377501447747;0.9926352844142023;2.9729996025404377;0.7700641225836712;9.982466325517985;7
7.617419452914461;0.32557230538330706;0.8204875844802748;4.3211459584976915;0.1269320374582964;44.83215182015276;69.60426080419217;0.9968867404709435;3.60241775570075;1.836854315648305;14.823606511986595;7
14.528518845813286;1.028723916686355;0.8263408109501867;1.1869116481039779;0.04866877822799964;29.748667813158924;61.23441605632176;1.0008737882180827;3.7094941999251243;0.8048543293990549;14.588805207850658;5
13.610914044158287;1.2607299093910656;0.5880004634296284;13.739138629385055;0.36595873960350883;15.084450329186794;52.808455973884605;0.9921150926337844;3.285265334880884;1.4220859325404769;12.061220683384033;5
12.04050573164021;0.9643156631537265;0.3531028889383895;14.997903538160907;0.6045407933689311;69.27647495438659;225.93661852618337;0.9990555434693915;3.834273409931845;1.2231463354550507;12.94286671731193;5
14.211573538764934;0.3345655559987861;0.7997833644457834;5.886927650660892;0.11193099326520743;37.31419534302584;70.8033734399882;0.9944771269670182;2.9314301572665173;1.3258671003564497;13.609297484356194;7
14.400424470845767;1.3042407041028676;0.5546870247883672;5.842200439611904;0.039964207119664974;53.10834629042674;155.0397605776309;0.9947171722259811;3.0941237311435628;1.0243674656340127;13.086489730291875;4
12.604501636879894;1.0484938724590436;0.8259323085500162;1.0035404665058165;0.47893947741253584;30.184350742480127;133.78762015537498;0.999085319484751;2.8587352992116672;0.8309857558246976;12.948886492035736;5
14.058250610509495;0.6867219309454135;0.6314587925830206;10.831660049623462;0.1632990180041498;26.21435524582586;170.02988448160434;0.9964305320940424;3.0078148575713373;0.4110508627185472;14.630601051671933;6
12.481427516862905;1.104230231482652;0.7844054732127973;12.95142247792998;0.508956639406404;29.908665191165873;254.23483680504796;1.001129893451014;3.043185591127154;1.5729491686212542;12.276964690997342;5
12.285590720891395;0.4994612696945359;0.59856299321776;3.040481185256046;0.4336580635536747;30.052961708781137;251.57251139312976;0.9921936101016077;3.9053941524705715;1.5759760818643587;12.535967366823861;7
11.590308573831582;0.6239806244015473;0.4141410682156662;3.231128700760401;0.578458448693432;39.636788231878704;133.6545283264353;1.000829095434227;2.8391993047139685;1.4501119859314677;13.920246877848179;6
13.105698027001345;1.4595293309727055;0.9579458599261376;12.43521544958299;0.2569474142182465;39.58636076867678;10.348648957926695;0.9909448840785421;3.282817202638391;1.4048684261597664;12.754290641079645;4
6.392237689811733;0.5441365782802737;0.5411138248788447;9.897844925970512;0.4085199338309298;36.29792092768389;126.6835970171478;0.9927130138489452;3.4161463327781796;0.7370076107197687;13.164062043113898;6
14.553839578947892;0.8061828715105874;0.6050895185405384;1.5549641413646684;0.2904480137071491;10.569790729138104;177.55277109103173;0.9990067591115331;3.881340178328744;0.36731603938970636;9.922096460278176;5
14.451831863521122;1.4196060605981815;0.22048763941474925;9.989186060749313;0.38972262968781757;36.22135897353771;163.8474268247515;1.0017140874416808;4.00707419769974;1.6805547127986844;10.813235006747961;4
4.930494298290518;1.1532731713905902;0.6256507894272765;5.410198753518984;0.2813097446986347;13.006376929866256;190.32811794145815;0.99351149652981;3.6968029059481915;1.1502013546120309;9.357458747127305;5
13.931729281381818;0.210816710200466;0.5716076494829438;6.283387269874351;0.12499071560802082;9.955640826999327;49.603432289882626;0.9945263496713898;3.972904558022667;0.8424196782733726;11.687475375176236;7
6.056229502449931;0.3350624446472967;0.18483839794702495;12.13807870713445;0.31623055218602514;67.21784593122291;188.9694329549473;0.9973855845916654;3.7396184383205595;0.500226284323552;11.3622281044216;7
8.386843053128302;0.13144872252699855;0.059587097353143714;12.739653813020116;0.32862193666102796;43.951450933487;57.69040810448754;0.9929516216243843;3.963267354033699;0.4347450568053186;14.88155829281647;8
13.001643296095168;1.0411458137345786;0.6043593197147711;6.745206751861527;0.4975517051078365;47.823794126845485;218.39828653717996;1.0011179482828219;3.638233821949458;0.9126074253979461;12.372856243301026;5
6.416586825345883;0.7736032010992108;0.7636922693503205;14.72843286569278;0.4525769027703551;29.527350593668828;101.96179455333844;1.0006069311049783;2.8412995503228604;1.6739108981607906;13.51189135076375;6
13.843027372545404;0.31604128231732226;0.5234013709220082;6.834355682100255;0.409611182740925;65.53764332595536;206.90040764695135;0.992048873116974;3.2504386374806993;1.864268661387497;10.571095359924753;7
14.003116210922483;1.518583816742885;0.2267726253196457;12.168806114359604;0.07991887023599094;46.29306476015625;19.545964490428304;0.9963873609473425;3.5611785504291373;1.8275747789038181;13.805044653728178;4
10.334385391497449;0.893303196960605;0.6665219766930349;7.964608062638183;0.4436491581075653;55.61106073617471;121.42438724222849;1.000623154181836;3.185412507006899;1.8664013940319237;12.398052282169942;5
4.672160350400219;0.4731642094048182;0.08010572660960225;14.003971967222427;0.31168278865635435;27.16793530096768;205.52476980052316;0.9946644282136285;3.087197576004499;1.8459013230260024;12.930450155389849;6
7.8435309048765145;0.850881213885873;0.4418337048019546;14.153314157292607;0.5475656221275894;69.1608435381579;70.20435612181284;0.9986929149254155;3.4732970692590257;1.210465335172661;10.313800056671454;5
11.571274177645886;1.1122456857932574;0.1633667583984202;2.1762853949178242;0.5630026895441951;59.25275160124037;231.06623367761398;0.9907539027142521;3.925547383412092;0.6964241163900293;11.966149546021253;4
15.687403811709885;0.23130925824140414;0.18445905105988336;14.572802637129296;0.045038797770469485;61.6303408740326;184.51066446869575;0.9983603409184093;2.784426979365515;1.66273779333749;12.521240327188456;7
11.739492855288352;0.5210675699699223;0.20229394915820365;12.952808686198068;0.5035642946523328;13.225792987228553;172.27998151839293;0.9921491335876083;3.716923628497626;0.686900668003807;12.229115392807778;7
7.535780466025006;1.2981696166906307;0.3867070570439779;12.453136428964937;0.034580736863179695;20.238387758856586;106.0543257398274;1.001382544888059;3.6578636431166762;0.7762361521834704;14.348759124259683;4
11.764264445025608;0.7911107107878854;0.051150205620397626;3.8333055594086276;0.23193460579131858;21.27948857753397;142.53376611785626;0.9949112216939661;3.9642208502431244;0.7195347174436559;14.238772319201598;6
10.701834790789167;0.9180026273671505;0.3977934409290982;12.654740447818108;0.3368376853970264;20.234554850527854;175.04985217673243;0.9939047636103581;3.9220032523623303;1.1900206141719958;14.711396376199659;6
13.412252965207923;0.7519113632258251;0.5117074471147008;13.311937926401537;0.10071237837764933;61.73397950940444;139.706778237914;1.0015229078628105;3.7080353537961246;0.8674519386423634;12.738282039045432;6
5.80888121874463;0.18409391625878746;0.4832942849663252;5.121594883030604;0.459041973728877;3.2638204598100398;203.6226706751785;0.9907529615942381;3.4009191311469005;0.5874406028743202;14.71744184581695;8
13.199615298272917;0.3619946785374276;0.38278410040304056;14.802997144089927;0.017004467799111005;6.403099217634976;128.73623206926956;0.9954718118469338;2.99941979260657;1.0867995978627836;13.811107000207407;7
10.716312339040046;0.7704907925631607;0.8391466080707525;1.627958137427798;0.11299083001198806;20.447955814723166;63.24331043299459;0.9951094482226319;3.4324493622734793;1.7894250887712289;10.160408912209736;6
15.48180964360664;0.4254107794955746;0.1453266924205041;3.088675097408239;0.35989730108223195;15.1909812001105;66.54326053269637;0.9939489810972789;3.71199703227796;1.2828232677664535;11.178331852083431;7
8.463155476237153;0.19296938184313095;0.505696743781374;8.748684615552108;0.4399181496603381;17.462032585682234;7.642466582552329;1.0024880940018601;3.877499900050124;1.7968204618322705;9.949550874228564;7
11.748627392413614;1.3517285095156626;0.062041416956554296;9.306570078385722;0.5610692185136558;57.6539664369843;91.17103350310431;1.0002976447196978;3.742934251697397;0.6571065490821595;8.427281545398674;4
15.131917592263198;1.552541092579609;0.07115567887790974;10.31919121619319;0.4345924945088397;40.98198816633533;217.94369225542104;0.9909406334962942;2.9879890076926388;0.6088463690331651;9.622316895454906;3
5.758359926294675;1.2779885960352395;0.5738658496770963;1.1477492880058102;0.4143957828826647;1.4097169518007275;230.74804660104348;0.9998040430613041;3.5016016190696355;1.2912137999163618;8.426393810864692;4
15.190681905771898;1.366525985688814;0.566018424887821;14.921354909483101;0.24821034666404793;31.48191636499786;63.29831441309726;0.9972518141932142;3.1618602936048235;1.1037592655822759;13.078949998778185;4
12.37310866199919;0.4732866102628862;0.878033512844457;1.5509861539185024;0.012769370890554048;29.959829806375485;277.4094511146084;1.0023398207217495;2.751691197586117;1.4324883115504181;11.165972935187797;7
5.366558767888442;1.5225153842492718;0.5578736756600732;2.988704509761675;0.08397539598263754;9.09011413056259;148.17999055487587;0.9943323193082846;2.994280588451606;1.6570267410147252;10.431735726006078;3
8.000888306499023;0.40751152850200545;0.9597910204048502;1.104611955880432;0.33219817230886745;49.00606699070346;265.5049859722362;0.9978900864346825;2.883790225415481;1.5846831837391346;13.351185792118722;7
12.602344601691682;1.509087523128275;0.04869484839992977;9.176133126093783;0.4164028016208074;50.84890037494387;206.0145747668416;0.9968902868419722;3.810253286895125;1.9035761600097971;13.811164035027694;4
5.36106179659712;1.5724361691902886;0.09800768478074107;14.511096505246195;0.262051522053981;52.18341855269894;210.4486587153429;0.9967378195428199;3.0683029402277215;0.9950882032922093;14.739447001224221;4
11.178526199991888;1.1591152963892313;0.04406586157038139;10.622828624774778;0.4496767279055057;52.721437134660036;30.06734482961813;0.9962821555414244;3.1015664204871953;0.6746658595544619;12.573088300389067;5
8.508478543568412;1.55246984841606;0.18527685033354002;12.910799039814238;0.3245955149039751;1.0037507121930729;68.25748891183139;0.9928706734567496;3.959119446184583;1.250024108712969;11.399938230510337;3
11.616345350772491;0.9515280781679714;0.5412701109416781;1.0939055704952692;0.05643154116099301;68.72837707311727;8.494597822335756;1.0003627691443464;3.221440138272042;0.51494101071928;10.384217960448334;5
5.116884982081395;0.4989310034370919;0.645572181427428;8.813423357804;0.12701773432980135;58.808822460881075;208.66412225491672;0.9962171967659091;2.7521737629833813;0.8123813759638245;9.84506835989247;6
14.448365909521852;0.7580139930718064;0.0455851579486688;7.609619471580619;0.5151589357231218;65.18270045783926;103.47603562526832;1.0031249916655354;3.1004846083995936;0.6771730522894512;9.784018678136908;5
15.600425351704585;0.9865989656530275;0.9459708898455993;8.184931985623578;0.44622273522803924;2.1106739668278234;228.62266204960613;0.9936222107783657;2.891510467364302;0.9922614070511251;11.059730935678692;5
15.548319764728314;0.22669908055944188;0.842165376650381;1.954312505893744;0.5479624302204845;67.30397450078749;101.91895024217844;0.9993689710957203;2.8705668734045346;0.5157316802536998;14.846611309371543;7
13.07106569869505;1.0286211663411793;0.2966124821570931;10.892756271611889;0.082416792223441;58.49498553685543;237.87145190057768;1.0028825666246846;2.838408858472402;0.3831757133953234;8.40554903334312;5
6.069974513476141;1.55251964167295;0.07718753022646796;8.247018056936062;0.6051432982344292;60.4425591500676;42.98760581077258;0.9991063023594792;3.493439527122729;1.426845987732153;9.681838332001506;4
13.168374113997956;0.39755716868424235;0.16988707321905727;12.071173207974454;0.13743462165601023;7.623404315259765;55.06460336237482;1.001936737001749;2.9804716090099204;1.3491157937439742;9.624554385623231;7
4.877832155984457;1.2771888697810394;0.12694441375497267;7.985243257301044;0.019056145895698564;53.45324005322043;102.46806070225402;1.0013402906718905;3.198778348432083;1.5129594231845642;13.061276655959901;4
4.849996132277669;1.4455322389182443;0.12328377929894685;3.0809718889059083;0.609456340493079;69.15408496458846;121.60193105368334;0.9949748032849602;3.8347624994851213;1.4328453552531444;10.691150729387402;3
8.256795476389815;1.4978043255175222;0.5185616886657339;10.364551529536202;0.18036325738162276;49.176861240689405;104.68289546856288;0.9982436880619759;3.27890943754127;0.5208721175077804;11.372195229846835;3
10.121668051572723;1.521797982431953;0.2458474424934003;3.4168408867354265;0.41214365205502335;41.50985972834706;222.11211020407123;0.9921982794482307;3.9029280145655796;0.8161017318973294;9.366056848054383;3
13.305603821228063;0.881331072533349;0.35813971652914445;13.636960624980297;0.11783270619160681;68.13970712017878;33.437244113360265;0.997363862522314;3.3723813278124197;0.5463094385335885;11.03248075270016;5
12.32123775565351;1.5468695456675952;0.9895053333843224;9.851497090410927;0.35955689078728587;32.44853564314496;105.39441655769213;0.9932083472561113;3.2465225008464897;1.7377639114211005;9.070798777387935;4
9.638700582057256;1.2256729024162807;0.6843142489253448;3.195176699931532;0.553516956886281;43.54984320804399;242.938919862875;1.0001996954196524;3.6929939374051908;1.5773291044437239;11.864781371275791;4
7.691981328982824;0.3560402969059644;0.9489806670470013;14.95013563922562;0.20378851928963473;34.8200188381;24.903572865194672;0.9972621557061707;2.832932375435363;0.6665500948734648;9.036599374988564;7
15.867506851782137;0.8162741554432361;0.1425565550331156;8.468135764695681;0.4134821316505712;67.23208171658123;272.6832126709942;0.9956709166790432;2.85363754638767;0.8999864316181221;13.538304477625516;6
9.415848715266495;1.1687635160431258;0.38213947483256927;1.964317397326163;0.12455424969025149;6.402015600351016;285.12766636297965;0.9937310164497942;3.56800661668216;1.9442470370812377;12.082911164013183;5
9.700673374925334;0.48111686109586166;0.5547318032823543;10.051760404459982;0.38625244383251645;36.57949875859972;31.064793192497664;1.0036722733226784;3.3584147058138454;1.3222461276590178;13.10579117952786;7
6.4489491794658615;1.0552981679813755;0.07675806188873802;4.596704042387029;0.21353376073868857;49.77362333836612;88.43012379837356;0.9910466972944528;3.743827367905397;1.6679298474929327;11.120356513242445;5
13.581347900874203;1.093236699408064;0.004187443627957865;12.633924397408617;0.13851374689418305;57.22536422797882;111.38938848800579;0.9906632964693963;3.9036639634262844;0.7718670280637776;10.879693406074477;5
12.438609151330823;0.3575416259605062;0.6704343337969175;12.840202274066383;0.19959604837147746;42.39432396853368;225.71875732872147;0.9930290457947264;3.2332259346428653;0.6807883766994397;9.038357778817614;7
7.094696624512992;0.9450245561810241;0.6418195168014353;15.192631395478063;0.1191258000361718;65.53315983262323;174.64728782903566;1.0032960068865109;3.4974407337625006;1.6391412711737359;11.805061445778348;5
5.530905815459022;1.2465752900287672;0.41078880999961176;8.227295152957755;0.5522477485948918;67.88139272875489;188.35549323939657;1.0034072238525182;3.3758847173000435;1.475407000236505;11.744264071571099;4
12.289642113444259;0.8483876702224752;0.48964407603203264;7.542370444024963;0.24991494490396018;5.5666648467444295;220.3752798576372;0.9989901157475964;3.9866455326658894;1.4672331417836455;11.442663288922436;6
11.995976721376827;0.13767055049311683;0.4154430005920896;11.900743839518617;0.15892230367964605;29.56830830743758;39.38805684067828;1.0020570528073511;3.795477197342876;1.2528997516547538;13.21336937043592;7
7.687832655079765;0.13319616485576657;0.024005044844888856;2.8340715825921277;0.2805962967685438;2.665590542201965;241.79827630560425;0.9929841587740517;3.897906889512239;1.2711758324368365;13.811278600210304;8
15.344758253429637;0.6412628421962178;0.3353716062174624;8.884966501379614;0.20400116391709083;24.388582673585447;205.69040458298076;1.0033092133226855;3.0630119112235574;1.5586148338614438;13.280132887165303;6
6.306954177124172;1.4722433399104018;0.17708225539728983;8.875214961910423;0.45790713303418223;39.11764347591275;169.3877082305728;0.9920147296589009;3.721108557416495;0.7809041434723961;9.335127328244486;4
9.485383251781402;0.4538680982212688;0.09842418910136874;2.2063075930316534;0.5937607272194111;65.66644006620636;257.7950997436051;0.9914473250630342;3.0771509957470142;0.9191233379811161;12.443386810333703;7
15.262859897893868;1.046170985752663;0.9567204338893498;7.002567648400938;0.27438216036189045;61.105356895043606;204.1866981491174;0.9915983211645478;3.005103017454055;1.785633406768492;8.922100186981968;5
9.342918681265182;0.444230771212248;0.5993597250421656;13.357958059081149;0.5277590065833719;10.052480593710987;63.08108942458019;0.9978760023149723;3.9392180227625495;0.8458048856903035;12.915044868363097;7
11.815343208604167;0.589638184902941;0.7286562842366027;13.39984288112204;0.3509519810622121;7.605156606603595;127.61794284441369;1.0007068713377798;2.764516609231691;1.2423369842034293;10.881954127647324;6
9.092816696979575;1.3581414508181666;0.3153637432661175;2.3488699078273427;0.10618416339144585;42.83798105172336;145.81413134281252;0.9950640069626525;3.966043653652555;1.5034079048911624;9.261243215730863;4
7.698631786539972;1.1841377057141225;0.3931471294940152;2.2245248881183306;0.4256830225067236;38.78037604457357;21.6265883703648;1.003388943353647;2.9295626091757843;1.9998744608114047;14.003330570344831;5
15.718947421946059;0.25928294487728754;0.23692399389672347;4.735353964228255;0.31954726377836623;19.912812541531693;276.1624162808958;0.9959868022811716;3.78068636387745;1.0569365235972044;12.391054203753093;7
9.225474271359985;0.745904950640193;0.09696567096542474;13.671584513288305;0.40171330742801;64.8611690033223;42.38736480551661;0.9921191092615312;3.090421642396491;1.0449151039636562;10.70571229165893;6
14.703321001574219;0.1625878549220861;0.1790316374415838;2.7819777420730847;0.5449227601304273;66.8430150717703;203.3815386251637;0.9964164671102952;3.185391955837024;1.7371225936542247;8.599726667728248;7
7.198487046569274;0.8220996140403931;0.7975140452964858;11.411953318360716;0.2758203078229716;29.58541212215155;149.2633832137191;0.9993184861930536;3.015282293378921;1.6751901958039717;11.892516683523468;6
7.008083155483441;1.0871536570835594;0.6775458051837758;2.377018046351307;0.551805396307196;64.21148155505995;13.253926717291591;1.0014049151304696;3.4836028339509713;1.550896722496696;14.400968210160512;5
4.951815136594978;0.29301383045330126;0.5469288759854769;9.99781266471825;0.46165073955471125;28.260371492671055;267.7035356696144;0.9963184241092088;3.1820813453350003;1.1035934944730783;12.276468912565377;7
11.963835126747501;0.5417720108073818;0.47508987286676807;6.098582567139514;0.30467435060091286;53.31399505990871;247.0698168957581;0.9981549249707896;3.5748891601582224;0.8709783306683954;14.715728930026707;7
8.764347684078501;0.700841473233149;0.9224342836561245;12.418143859301658;0.3733300592591202;34.79189744588842;154.36499359678544;0.9937112349796036;2.759872093786424;1.3465799059166972;9.286932268757981;6
14.367248223187898;1.4625152959978327;0.0727349477786684;4.311880552850309;0.20702309837888785;9.703404112009991;70.790681127463;0.9988673830896431;2.8217561020641004;1.7932928995298403;12.09398317986644;4
9.947271945614595;1.5701523225175276;0.28060081323791597;10.232346709093413;0.6011747825435257;66.88332828782853;40.419278062466674;1.0034989378766037;2.866569663968686;1.8059083552083395;13.587812812041792;3
15.540585735436355;0.18557049653359914;0.34993785357071405;4.34096500480792;0.4117433466671872;33.2408581298051;108.84007167929182;0.9907381096586457;3.2721219803439934;0.5111922362676322;11.816014752317155;8
6.696438327445269;1.2310715683032725;0.7824258122127878;11.319440133437446;0.038264264645481307;53.14857986289066;78.28620353604362;1.0021445477350044;3.7747911392781694;1.0453449739679617;8.991931313918572;4
14.415441797898403;0.6627171369474211;0.9925146201619713;13.655699304586932;0.20764652154305724;27.069340824621744;149.39360988478253;0.9977282876876936;3.867985946180546;1.1060856668519117;12.188759010056916;6
13.375544436546681;0.6929889518950408;0.24067051475715306;2.7513062672506967;0.3853653458216754;2.340542378912661;279.4938308029304;0.9935035837432385;3.050909639877344;1.962617663764668;12.376296387976065;6
13.311416844477789;1.2212268610866532;0.8743073341370806;13.552297053494351;0.04574363340174464;8.13765546712035;168.7118385839885;1.003075597850326;3.4694495497835476;1.4622566854551162;13.136610115089791;5
14.14605047772083;1.4609025909322968;0.8306227604317913;9.566198714448749;0.026306630600166518;36.23158304378463;257.8504888168977;0.9966532856076622;3.7158235407196027;1.010101516827658;13.34787484857558;4
13.199571097655888;1.5083557479737206;0.22465739764176662;2.75581316665855;0.2815645194771537;49.98746935597173;190.19871101130497;0.9945876212277915;3.1068133759979033;0.3735166695959403;13.410022473368947;4
11.676289634434994;0.9625989756159483;0.3993325801992226;7.142111088251796;0.21128141763590932;24.766208187128814;140.49476702417772;0.9925419976970489;3.259439825655067;1.2741932173656572;12.712388558653279;5
6.083067117810979;0.6413968925787341;0.4096728692925191;3.248560284882429;0.27454086621186635;50.379680601613174;247.85394025354407;0.9933994391036958;3.405447237410857;0.49044687931605474;9.802772711721278;6
4.967545828251146;1.2698216653538177;0.9782206685265583;11.125079177451916;0.1693532926181231;50.603126849668875;139.3971751789583;1.0014134039464755;2.911291054938221;1.7235314287707644;11.027532412956617;4
15.005580680317262;0.48646201956295837;0.18089190137889832;11.979474762502065;0.11066593041884557;50.97944942027599;251.82177225443218;0.9984382643268997;2.7729975130317412;1.5867061631525048;13.444844821993591;6
11.56814855408434;0.9435480820969359;0.799157971104782;2.4446291959828645;0.42479687083122225;35.9690516354561;88.51622578994157;1.002508405337431;2.93406337783422;1.0990502970466585;14.597275392105287;5
13.600871388030793;0.6435245538263148;0.3341927141731099;8.289641849341807;0.3202280986444125;65.95691665862678;42.45409987492564;0.9932294103183891;3.5361040989919874;1.0467820018346385;8.913155271438043;6
10.041202572091816;1.0786813676134992;0.7308703457761604;12.793525817978392;0.13189237253837074;35.732952776623705;248.05399341471156;0.991719907375822;2.833495192147776;1.8285560724998438;11.880988405681766;5
5.9255825352750575;0.4709824128245201;0.42001100429566285;14.56798040664455;0.20343406632973898;32.96882873826131;172.2384913533247;0.9901529121718875;2.980914383359663;0.8117254451982745;10.431394763607992;7
6.01459945188882;0.39972570077284564;0.57835976311654;8.397360854429841;0.3664929366903322;15.156038149754515;257.61314870445574;0.9969870809523298;3.169074434833036;0.7458633367183072;9.865060313059393;7
12.346887745687376;1.4606290665461379;0.8326117733261311;14.774076664726543;0.05526537961521423;22.843511202299894;271.40509957884444;1.0036669403918026;2.8388949816690854;1.8984597128190226;11.687769442878148;4
9.462456612363928;0.26863337710632385;0.8041655649838841;8.721058968658035;0.10032435255044155;4.005748968799537;21.176834475120117;0.9995354269613098;2.983458074375276;1.681440547378316;12.33958071361749;7
6.865929411713805;0.8586985452930002;0.8664231835397002;6.6551812211586565;0.05587411686032667;45.98100584674808;147.77431242605974;0.9942703343425653;3.8973126320090588;1.700444740422215;8.463519504226628;6
10.155018378178237;0.442445063125993;0.05961732534465902;13.283765676872274;0.4985780822957572;18.646037818823594;112.11496738809178;1.0020128139008164;2.7645098979282707;0.6559736698407956;13.471342719307742;7
5.3255609889490145;0.17683774645547445;0.6920505530397448;8.0975475726881;0.46269313069399354;22.595023068468024;183.11792637084315;1.000717057262756;3.56985854370144;0.5693043056896605;13.729233853186411;8
11.176276841632706;0.17258747470548252;0.13998737672176287;7.789776654242036;0.463234446195675;55.727831038166805;230.58630880825754;0.9902799545619625;3.2281993422622848;0.3734693481946153;14.675820359691565;8
7.639625470116604;0.37582378727450794;0.415818568018411;8.058562345383493;0.4410788807421408;24.232704004463226;85.40703112074641;1.0011956397449686;3.5942638990791114;0.7258593198941956;9.574184265960518;7
13.612417837200226;1.3854847175787603;0.5485884150546885;13.263061027298283;0.41296186877825164;18.195908332933094;163.57394277760758;0.9941631744335883;3.487638484861524;1.6228981211629223;12.264591655346162;4
8.107090135836383;0.5324189662064589;0.40273948474683074;13.046346508645561;0.2977181573115268;13.003100188493107;206.57018811308657;0.9921085525876286;3.023843418030398;0.7308641593361301;11.173064927596565;7
9.743987684624354;1.507670389039932;0.5196116758030075;6.791391889627084;0.39672461994076186;56.01494655491887;44.04399644251273;0.993152626037219;3.815956049218203;1.5476024836034432;10.57638103510978;4
4.731312100961537;0.9691685477642226;0.9965263087986191;5.766177954109666;0.034978571317996816;10.209144317291909;236.38093438420853;0.9964520569355894;3.364764285913883;0.7506868031635939;12.076617434343781;5
5.418649832078515;0.7574567170623985;0.13521731371285473;8.082149150971286;0.38425718917141394;33.2165169777751;177.52901675839138;0.9958567011666662;3.784620744020109;0.9901384715776216;13.485490105953076;6
9.035177187395538;0.9669296986174037;0.6754560453364256;9.262478642161792;0.4779487456165894;36.992038241480806;274.7190947031635;0.994004645017477;3.2556359209590386;1.9718810241520521;8.549843092393866;5
10.023308832303496;0.8743796424303509;0.3960009663856152;4.379723275168756;0.3117146578702497;49.80468380068574;102.0866841139862;0.9924156135484598;3.9905506534723534;0.7388355912445064;14.701100731680214;5
11.380232193748132;1.2278133304856946;0.13300979890732878;12.491744236847623;0.22615048372791494;45.96312724564268;36.60530168142722;1.0004515833549263;3.7185214852966464;0.958538947588107;13.66423030708712;5
7.895787139415127;0.5324442563203643;0.15873676337430953;8.002648379693374;0.1781786141457865;58.561167779107414;149.33983989344986;1.0035552952544695;3.9667567604929683;0.8328155913769069;13.282499073696261;6
12.45329531322993;0.6354535717364415;0.9492731062456169;5.7770650069314105;0.3970384280470874;4.177351808762909;30.284448393771193;1.000663521325316;3.3931946282155208;0.5130737271711039;13.342517984173274;6
14.319383088238013;1.4253776816985462;0.879601496711762;2.459586497274263;0.42698791797931535;22.047291459337202;280.3760061006939;0.9941006614996863;3.3415877380091894;1.1481232173584777;10.928894612521242;4
13.412316174494853;1.5018265091995922;0.9070419604150218;4.387139341892661;0.533709592317663;20.88952243305196;16.947843186785207;0.9934042980544332;3.6994263378430774;0.9624134077661137;13.28553358049129;4
5.047692726436435;1.4231350121302526;0.9915327758273865;14.759505107637363;0.21705811539413344;11.367200297039684;219.24160401336817;0.993034609232018;3.857969904027056;1.4904614332981578;10.914006355919225;4
10.029728504013466;0.7323940711776779;0.20831539000851795;5.354455427565089;0.4730936121239657;21.531656023807464;154.60397867425505;0.9919317869145406;3.9644651607492585;1.6953828934090822;14.241594392236156;6
5.785711016125376;1.2593336343900474;0.35543933736406175;3.3653456247587155;0.3482521386894134;22.99333730414614;110.3196446570157;0.9975791220868091;3.1521809206612748;1.2388970232077163;9.551945491492052;4
7.33510867924656;0.8154501706196042;0.6692190299248667;7.625822758162901;0.5408190579161694;38.05379679685096;24.633332555949266;0.9983155530660045;3.7543548087801515;0.3837680248858526;10.300258257398484;6
15.749287303918756;0.8464081841333092;0.48380253986064725;5.383481053059631;0.32815945286907683;48.12301800376418;182.073239541131;0.999678946238232;3.0075199089971316;1.3636003349119852;11.983694027543995;6
6.210199634787099;0.41883295922363456;0.4183895333783335;1.4133250539594346;0.3220602672103824;28.0581364664388;171.61735321764033;0.9993345061121165;3.4328794203667155;0.42250251913496845;10.474871733267271;7
10.237436134000323;0.983050242757434;0.35781124933559305;5.617920172279492;0.35814837178310455;52.082386423250064;85.48996627813072;0.9940515796996796;2.9684071484796832;1.3593150604103716;11.157542094419277;5
11.585159797794745;0.391758410719888;0.5937806319434522;8.84398590951624;0.4608398977303182;24.867739039150177;263.59274149911835;0.9945688358935051;3.18119464942293;1.4740000152795447;11.600747481090867;7
12.537854167148375;0.6040844606381028;0.575593428640082;8.955000631491517;0.5898495968182481;21.610141089347984;92.06313207802283;0.9993522279727246;3.922825126352203;0.6602719381212558;13.966296767287806;6
10.92403012340213;1.368344094365105;0.16145783406424008;6.105760249182575;0.05606444917524363;39.42435196584873;133.27229119756603;0.994829476867473;2.9255351887118195;1.6983080683653575;11.800749648456504;4
4.710410575836775;0.42233068144784863;0.47173983751843906;7.430620241287969;0.04400732683221928;2.683861581711133;159.88477502497955;0.9929659278426151;3.5431491368216994;1.8515121697286612;10.755989015994643;7
8.289012783157109;0.22389109635321192;0.5534717762098499;14.996561606227589;0.5735926521069957;6.665027778014026;34.36562152388896;0.9951684584133496;3.4930519266178024;1.6878552300700789;10.010285066228253;7
10.45014157024724;0.22075108521471182;0.5702869387313905;6.4092877675625495;0.32939549968540544;30.675837594643422;269.8017665374579;0.9937757862262121;2.893337707940413;0.8395323476541772;11.056393862149282;7
5.592891440336617;1.4935453999345376;0.2101071929123518;4.670111473595751;0.3803269057255947;67.94680250881471;111.99373114364464;0.991272819262997;3.1539933855863915;1.3096938307842094;11.752284678693405;3
8.562084322663743;0.8601038394242785;0.7422713922522868;4.454618843374698;0.3009717373552426;52.22733636888308;28.860517526439242;1.001376491849008;3.4549865107343876;1.8577412991493503;13.249746571821037;6
4.975195129342442;0.7177416248528468;0.025199094821069634;7.583363345480359;0.06810081411187721;7.2569864345396;115.60340215011837;1.0016893771203188;2.977716833415383;0.8655100927921593;9.186817045120202;6
5.487937017851734;1.303882728271561;0.35483185554316266;11.988994171267384;0.4720855376727813;61.088578907442034;175.85732082720034;0.9930629990882729;3.7567920436442757;1.6994464631832598;9.840459723554481;4
9.085233021078036;1.3403058547493534;0.7802126485356335;3.9074274891517087;0.45958756240806353;52.99335471318085;151.36370612543627;0.9909521973575333;3.9746387671091323;0.3458234692070332;10.867751103146375;4
6.099688020686582;0.6049989083487828;0.5638929210554023;11.255723456255215;0.1987102895741944;44.37720332488838;202.55537865254854;1.0001328296967231;3.01274443795234;0.33608999365040937;10.742589633276845;6
11.013211585355606;1.1326823639117412;0.26116243251086024;1.2087874209014777;0.19543730789181185;59.24080020325159;21.701955605218707;0.9929510198842597;2.9773781952840315;1.5987184727660757;10.946362569433877;5
12.390954151251103;1.2458393111437545;0.6949531193430477;7.016421478565612;0.5138669871624055;29.691799189749954;86.52499270699188;0.99542859136613;3.3177675411827545;1.6016174621522923;13.55788822016211;5
13.646629699932637;1.0757900028242937;0.5673909441560734;12.227629951960688;0.05534199738705464;16.726574610623544;237.84225324574894;0.9909435221354732;3.689661901967841;1.6475919037133306;10.507003619254126;5
6.861697759966354;0.34132880920814507;0.7962436094563872;5.845501154306699;0.539781983865583;37.35366062672191;28.60991364495512;0.9931517917444099;3.0976327749987695;1.883144819273231;11.662338172617321;7
6.492553179527488;1.3987893019349031;0.7350251861898234;9.130561681102833;0.16574035224765274;39.96776464713664;248.102525178956;1.0008693290308497;2.7652474840455463;0.5269035407398747;12.455395713576328;4
5.781616595778723;0.9070780469945727;0.6101079220362347;3.8926967992582973;0.3671978639055409;39.22117241270376;32.00659405782107;1.001025879606985;3.4273501976017755;0.7174149249227595;9.909160576193434;5
11.791661819843096;0.5324097425002055;0.488177675310814;11.733132710442115;0.5726605132220648;41.12023919508748;242.15054281435005;0.9928904953149706;3.9548827210644806;1.8392206170242587;13.071520016459004;7
12.583175709301983;0.7408331507390331;0.1331821256675234;1.6632749077238904;0.41819537842045124;68.35804919498183;108.10311750527964;0.9946451465703531;3.236921606366821;0.6259844502798302;11.956223578298827;6
4.956923436529754;0.17485379198240478;0.26133301788538377;13.347122615182306;0.2602434576677549;65.05943923983243;179.25516490179209;0.9918983272680568;3.2735708838125377;1.4693228768528952;11.304077559703957;8
15.179198382553695;0.3066855297847296;0.41909947291708527;3.7936672417563546;0.42503099113434367;63.1759095956847;49.26705372838348;0.9910802312244806;3.970505180734828;1.2158732100681617;13.66359617379904;7
5.187275505261638;1.2376982557531568;0.5992992870063887;13.666211262941628;0.21804380215350574;57.90059357451253;24.72574824822618;1.0035833787507873;3.622151666765945;0.4689334403420171;9.982719184703683;4
10.716648588902096;0.12001698674283456;0.5137078552153048;6.046926922987553;0.1780777913931625;67.98339561583526;67.11051173769823;0.9989991896159547;3.6533483420094988;0.8063903154423598;14.1406438089931;8
12.612383869795355;0.7281861095841465;0.2881845259595295;11.451180187327505;0.6090132834828731;7.9931195592376305;42.18263046816084;0.997453354455281;3.454631546821256;1.1990216014564163;12.046816779883574;6
14.441951098330767;0.8828648643849591;0.006464357789710551;5.560689347678352;0.46172334847669283;19.823751562647505;94.4108690433358;1.0004960895755202;3.9777536977963166;1.753424694862003;12.359636715967778;5
12.669182333096435;0.19976625320141955;0.49623922190081393;14.126310400025854;0.39818726645170877;36.148972141475525;151.5704587626187;1.0015118509149468;3.6148604352204563;1.5115892776565052;14.087883267098128;8
13.659527338688648;1.5406941179396059;0.2856259885622431;2.7489020325682656;0.22481849628837194;61.10394901176177;172.61892818889768;1.0010574551407692;3.876691594538565;1.3685448796297381;13.714287471020684;4
8.435787175733708;0.450142983624521;0.7346083007105351;3.506388923379941;0.041447336663873846;36.86676551811401;229.53267438846723;0.9902952672993282;3.6282111594811908;1.1583749262021628;12.310153447342353;7
13.807523785335588;0.5641301306689701;0.02394626527048349;8.098239827318514;0.03060306874505821;54.1104664932528;191.71588978928548;0.9926143235733546;3.6735970975473027;0.8288022529696043;13.295720075013133;6
5.505297764146829;0.5637560678923399;0.5848278113057909;2.0963012099569336;0.3439545720138305;10.866153272673051;178.2786060116635;0.9989898102148449;3.1088218711206532;0.5291390019031662;11.216576686513829;6
14.711428213483963;0.45640832669133086;0.9414742375060654;3.761310696645724;0.4684575999023916;18.921380721335773;122.53431377847423;0.99518784231709;3.1254179464775502;1.0131569777253795;11.957955397748352;7
10.78779385053722;0.12215178024601467;0.1744092671114995;14.67898918029541;0.3338901350758692;52.95610274767474;140.08778709371924;1.0034514137074522;3.734390504961557;0.3776258848318586;8.803455888605322;7
13.83546480057618;1.1848433993684746;0.47164949075059537;15.156749052759153;0.5156302580915296;12.696114631028408;123.30939471742124;0.999132813275733;3.1168169872457727;0.6824633350756405;8.984076467000305;5
9.711196615056792;1.5315944297069564;0.09142199181713817;6.39338620822416;0.032022493322839754;25.9462713604998;244.33298650737143;1.0030981961368917;3.454717989917945;1.052247237707342;13.791265127211158;3
11.872427955720731;0.44746848559616575;0.6256819122613526;14.37997590680346;0.23168449377913813;19.80550430476357;71.09012807119716;0.9928137010800158;3.0566774348515118;1.0290706600720982;8.787865761936228;6
10.54835006857808;1.0880489000329967;0.5505316805962256;8.854440264832103;0.15400516431333267;25.84018028979597;7.619023626375989;1.0018370947229265;3.7775688936275182;0.40397336976497733;9.501094316611947;5
12.86696159583525;1.203168637359724;0.40736552421283234;4.838240001756999;0.2799165079261161;51.29100748453589;190.3235309150257;0.9944468184052033;2.8803367160591664;1.3137304563872365;13.572912283177871;5
5.5224187969456615;1.3587010534721662;0.5213770214737412;11.15502132777674;0.05535345952327936;27.117149861138873;63.29679796978928;1.003547872688199;3.7933972324973135;1.2479727072749045;8.407448679083666;4
5.28197854909337;0.7370386276398693;0.8965746584690102;10.519966375992915;0.5835248533010724;40.423695905163754;257.90258357567603;0.9922177197136363;3.505466846644654;0.46043418771492445;10.235628137498118;6
7.392266544314655;0.5622791222350267;0.19629430231106704;15.341229658987507;0.1457299852405472;8.095163270863086;249.11011130698367;0.9971025483325779;2.977375109230388;1.9050822976089337;12.196251275873042;6
6.402854885279028;0.5949308956736254;0.022564511705347234;4.769690396175536;0.5644623575146672;58.15625621965857;27.713846255682267;1.0008685425508617;3.42838493959277;0.49596924084793637;12.270424554550427;6
14.45115430249188;1.1604271463238285;0.861664884699101;10.712068738861337;0.26710999986697237;27.262092421016867;36.10791873218389;0.9959625905858269;3.0987735227961224;1.7575730325663512;13.451493903491578;5
7.077118057145901;1.3124980210982287;0.5771170823879065;1.6595468234299247;0.6023289558198756;47.04592529136731;146.13356060580657;0.9964453048997557;3.150803515107731;0.33051725229805995;11.688520654199108;4
15.627277390756184;0.3851563929246399;0.8906584554618424;2.5592321649721033;0.34388097169266624;52.502661717990115;178.41001356372738;1.003504165934788;3.1864406128280383;1.8034094287257898;11.711112151951308;7
8.406922447013507;0.6615738719103372;0.5969452234131726;0.9572082742859617;0.5695688856413087;15.885925469930728;83.79905950747413;0.9958626970071017;2.8204154436548476;0.362931952781202;13.114518741014553;6
6.657932447282302;1.4368326872537591;0.8101610899597025;15.492125943471228;0.015204044227839483;63.81192393168784;208.8537538259219;0.9982974620101592;3.9921713391897997;1.5955460932598338;11.641059011230844;4
13.523593130710015;1.297772538754319;0.42967336335514794;12.613195978353176;0.4601950449023592;44.75192186409366;174.36123392004063;0.9908128301783956;2.7800489777266546;0.9340236548714225;12.355192062663509;4
12.0433978631599;1.5578932680332147;0.7498599312882688;12.386156015109696;0.5529273412084067;31.439485064355186;97.92522305884097;1.0015409012924636;3.5813710289440337;1.5628220562276542;14.235531443657832;4
10.22961159592047;1.2212024591358377;0.913041466889856;8.342000699207423;0.09569261962039348;13.945798034053587;13.180131115975314;0.9988980488271013;3.2114591126519367;1.000914493059714;11.009431549480418;5
10.875608125595232;0.6940649935007664;0.5721229637222063;5.280979410419423;0.06957938518755874;67.90336659098568;218.2925296074805;0.9955727538009915;3.5604330695023076;0.4484162302941757;10.903312960974944;6
12.726980094476582;0.9823312376321711;0.18078515056237954;3.108458553155068;0.2663189917043874;54.60984249334538;66.77528742849842;0.9902902291341805;3.1924352814212313;1.611736181310258;8.423068447121015;5
7.181538577043675;1.0850808112010877;0.26879761503019817;5.056251187158369;0.5712736647736282;15.76974395406067;242.15606939992384;0.9981285293364835;3.5956633207487503;0.44899198448667954;12.387270699888008;5
15.858573251441184;0.23454549182300094;0.19864457689740578;6.389179840165431;0.3368895495540728;24.97746500541994;124.94214359535421;0.9902423996239543;3.666129097024818;1.869941128055234;8.593517398146359;7
15.61516273225865;0.914965560291643;0.24685702759573291;11.942127415912294;0.32794642176931754;58.4868723242532;169.3129162647896;0.9900863932214409;3.6170018533075488;0.41512663977207453;11.676965183234056;5
11.948680255720387;1.1556084095700099;0.3064154493510364;8.779062117986024;0.09653454486129379;50.39311408828907;253.04449070574753;0.9984612624164741;2.8847317163248536;1.1304732138784308;13.627519628709473;5
6.85482969549934;0.3642891038415481;0.5551337867531885;2.0312609477100474;0.012472917144838053;55.370684782816426;250.4053092603468;0.9926444124570967;3.5742544080114493;1.5374674995208288;11.97448695837781;7
12.286579139473591;1.2597223074413133;0.5879916294638328;1.1632235308001186;0.4972739143565313;32.3252782571182;111.14003979393124;0.9926835084271605;3.0955841878067036;0.9867215962027029;10.152635073908394;4
5.4158420214646865;0.972308259550603;0.4264997472418611;2.394049821197322;0.06445716322875669;51.86981464759385;65.1155566383006;0.998967558726642;2.7765777406230536;0.692779902569366;13.510094739420914;5
4.946373274925608;1.510243807118488;0.6154207798208354;6.893281219981739;0.39167604142245904;28.441054323337873;225.36633999719228;0.9908013556997343;3.2668349532989716;1.5976819055313651;10.153160526536503;3
7.511816640176715;0.18193655538206188;0.08157492561136592;14.524616588915666;0.5598552562545996;15.999667102611946;128.5616976194031;0.9943385837472835;3.290599740560827;1.639772156997173;13.164706576148342;7
9.827639411154275;0.5073761608309817;0.08778823705815997;10.206076225654636;0.13698249598190018;45.920069473736554;60.347884177198154;0.9921052625071743;3.3333111493576073;1.8709006232037932;12.366679958736503;7
14.4114793111147;0.9982686637777431;0.17182946035765845;12.606658138182521;0.41049842890590954;70.29698871751438;261.9523718757535;0.9979720021566287;3.6351266900462096;0.9581957344198997;9.504975928862008;5
12.81701048835928;0.5529774718206588;0.5180774980403448;7.709069079766409;0.05914044744779816;23.052668969068403;62.06348697022773;0.9990832414073871;3.132231637610923;1.1754403966105358;14.283370186487208;7
12.992583689559785;1.1630592795440138;0.21399467869831357;6.180324814647625;0.37364933115873017;33.72884104709031;13.303428598118394;0.999891870326019;3.1404062516419815;0.9364244995529403;9.704183939221773;4
9.408074679263251;1.228147712482019;0.28328440349257733;2.482645441662692;0.11019510085096844;48.8540973459596;11.739232576179852;0.9935462491744309;2.8169013654264012;0.7593266424917848;14.832315981914354;5
8.50906541578068;0.26967330753705265;0.40031283617299407;13.688622123918591;0.4528361827485916;39.44694603069664;182.1152458765568;0.9912855816172903;3.6122629443102157;1.5842250457678064;8.447518176257116;7
8.79273802172601;0.8702275177418809;0.8118661240103798;12.334136423807381;0.19243754558155102;60.8833734953425;193.2540421830611;0.9911416714075486;3.4611391360774717;0.8972185811783155;10.11264195142887;5
15.760440070217454;0.8629802111629415;0.013862135912860118;3.3545242249267866;0.2895712142739831;55.08373215933563;94.02480253112645;0.9958741840898988;3.183769893121111;1.045009568127228;9.699091932282293;5
5.053233862961052;0.6591499245146899;0.6493788202366224;8.379004232593402;0.3710588946745454;5.13910147422735;96.56310995691894;1.0029524008514341;3.6355900032250403;1.0041350082321265;8.490957166108007;6
14.39745590618367;1.4820702993517214;0.6688765310406853;8.015672195650176;0.1145927729890775;71.88790760858795;102.0767779619638;0.9930354694464445;3.4224443415181343;1.5201442468300657;13.160391350957552;4
11.139032116868044;1.3281592270149027;0.7986557803566365;10.026336669223317;0.4562410533519549;54.42057421408217;198.48486873276266;0.9935668206102719;3.3359410812555854;1.8627186956048352;12.907267713647375;4
9.556354236842372;1.1379256975880696;0.9327529390603132;14.714328652272414;0.19328156404145191;62.33713545688204;22.451862860592488;0.9914441054846818;3.3893821704496307;1.4434826223833201;13.55028126830705;5
12.795411562691042;1.1629168881730965;0.020137848949289827;9.364663049732203;0.4087607440877393;47.23503755876959;268.93992781164513;0.9983178671304354;3.5481621190891617;1.1175429354773685;10.068540552019675;4
10.099359038099141;0.7941055699671539;0.15378370551321618;8.787172094967831;0.10681154736892481;61.79624409132012;68.97345550221735;0.9993298685431605;3.5782033078097415;1.6312725416139353;11.288178586039304;6
14.469682590322764;1.4646520008010007;0.886171294055993;1.6347148208460935;0.4241824778646038;8.979191219938368;288.9075170835121;0.9988267230551495;3.106976430308711;1.4004221112839697;12.684237890540059;4
14.777931063327221;1.1341093237897968;0.45851856218701537;1.8184491498631494;0.08878465561346657;25.689386324711407;54.540922341773914;1.0017985939102698;2.9187440715067647;0.4312192963867485;11.258495275272933;5
9.365446473670046;1.1843123500174921;0.5645906389334635;3.6352631533711177;0.2667885412657202;63.225886995918984;224.34764741940282;0.996695119873055;2.938925410111959;0.4897581893194656;12.932617507066453;5
7.728154108756083;1.3780687195295243;0.6630272037231474;1.3740732666995248;0.16007643816958722;15.317519999949349;69.22575021508388;0.9919013048952474;3.552026425096812;0.39332129660296766;12.520827154862875;4
11.293558713104993;0.5201445204395989;0.6790666044956374;11.752952275322182;0.4602767744074813;6.555188999181614;28.879644865040873;0.9940116978801941;3.84854907292425;1.092883264764554;9.145210719644147;7
14.909705805468608;1.2983235196453862;0.9317404033165082;11.460622438311862;0.16895896769961785;56.95644473611055;253.60613079123362;0.9990922962379988;3.260060273498851;1.7091752353460714;13.476780287000292;4
6.980482735764032;0.40505128031647836;0.9969494174116696;2.886421022701987;0.5401486665308424;60.31951705067403;249.0266063510224;0.99842072128236;2.9552906036184172;0.8528488928167579;13.084396334101369;7
11.639522394267356;0.6241992502775362;0.7201574609309402;13.106751951611102;0.546200306632561;12.548307491482943;120.21042106323718;0.9973022626270991;3.7008851728331953;0.9715475057644445;12.662923519513136;6
11.736630487045481;0.6099912632339703;0.2872212092051508;3.1598761087532345;0.12966834781844871;61.6585647775728;204.7781083389408;0.9993719753825399;3.7972616325126998;1.8488267709743773;9.408108440761515;6
12.884177153292676;1.548647183848145;0.8797524022943436;5.297163570161438;0.37969372105962684;49.760513487399045;163.64965894954855;0.9987512633820843;3.8583397027636277;1.7276287536788135;10.141976917169863;4
6.0867148419380355;1.3705443466719731;0.04922091454076161;4.535062727755929;0.06454286739025863;37.92587050837746;247.3865801696709;1.0020736449945127;3.510675914720441;1.4406303476788753;10.955650705319403;4
12.6888221009076;1.143707997921779;0.2310808528744962;6.335683639166498;0.24653072266137588;59.947763687478336;95.1608393171792;0.9980515430612544;3.833125270422867;0.7755623160940597;10.219542540766883;5
14.872067483521743;1.1815028719584695;0.8973857174637149;4.6180909819934435;0.4392797159712621;30.76669670164657;154.1992891997128;1.0006745505055015;2.759576997229478;0.5254592760897007;9.880766889394854;5
6.630419130233734;0.9406262798277537;0.25619151443935495;8.0386835260014;0.40699452486309984;14.773570891861201;143.36038105088778;0.9934573914642633;2.8761894682472953;0.3568182338757899;13.634824856051543;5
7.284239571639818;1.5027523739784376;0.22065105962174847;6.848155067778407;0.3861957009745582;21.22454003935357;106.15534883069103;0.9993068468021031;2.8575716051561657;0.5087078232493829;12.548509601341316;4
15.576764562670528;0.8445377792082478;0.13812529314024724;15.303914565378168;0.1812419773338037;36.866645298825354;258.28178326945334;1.0023578838923721;3.645007949003511;0.8186360608519845;12.075568855076627;5
6.645039565617234;0.675555856410046;0.8591117576469165;1.7165247118720948;0.2384369447112068;38.72448627979548;52.94345267949754;0.9953236743059958;2.8283688651003454;1.2514894061777577;9.86869262054615;6
14.254551555076244;0.35803159192012285;0.5000582591910867;2.9758480952553334;0.07366474067547142;58.196238677327585;48.31094498435701;1.0006813990315524;3.37038275303221;0.43688013819648613;14.367497654746169;7
10.162739777862793;1.2678602523011446;0.6748932030541548;1.671258051065596;0.442694669439727;57.18604337931575;169.26539849633863;0.9999416302822818;3.340337761268087;0.5575003897918098;9.642689754132556;4
7.393711140755901;1.1922881408303634;0.23906638407502967;10.037281446742687;0.3138293892779728;42.277025561524816;192.0708670857386;0.9908807468013943;3.134593474918966;0.6324047728542616;13.567181063360401;5
14.439473884379378;0.6811583562452369;0.7580404210112165;1.695835450240306;0.4365506137750471;56.43576931894882;61.077248973851944;0.9979901431770799;3.8454145658264665;1.3854100952821213;14.683372333584405;6
9.63194938153012;0.15678238438047487;0.7600055449620985;13.112020165691401;0.1611171713533268;14.61591553885064;116.57303615805863;0.991843178936115;2.956450166387595;1.3583689642968078;13.126102739957535;8
10.4174360994055;1.3449360984682954;0.31259802490830013;8.374304007956146;0.20633849895240466;4.554581423623898;273.8775675629845;1.0032448871257806;3.187627736187035;1.2497787630414954;14.853582038700093;4
8.659337074217351;0.1366702558429475;0.41068263301028285;8.594311318890393;0.21219498701880868;63.02800140706371;75.79273062146073;1.001121370186783;3.7231978050291197;0.7483373792422192;12.631832260356653;8
11.30034462121468;1.1474016782584142;0.20969027743020086;9.099279812598036;0.027419703438582504;6.364369057156639;195.14607869922253;0.9915644381729858;2.7786363392794713;0.9497698843352824;9.813492233425318;5
6.447819760210757;1.5365753802000435;0.9765610233229043;3.3938801120706765;0.2162876758255435;18.51487851182381;215.4622784164182;0.9917282622079614;3.5946470083128883;0.49147182628403085;9.724826709157323;4
9.019221364164896;0.758985539096377;0.6456025770584116;3.786278425471518;0.4931794395373021;50.367645423331304;132.82042194864016;0.9981667339039099;3.7768251124791945;0.7081892082759517;10.509667847660596;6
15.554359242388749;0.463061171294091;0.9345438807155155;5.554732913945869;0.5494817989540933;30.07080357153895;271.319854252962;0.9947673905522387;3.923980155324472;1.8291677282092094;8.446345131436539;7
7.516907789522741;1.1491116746633372;0.30338554362913317;9.56504767099903;0.32241277106592053;63.218291864001124;214.4738560669177;0.9905454178005757;3.8528967334241857;1.9660852165478335;12.831040055538425;5
12.021124309316601;1.3130070873427542;0.7818909129968897;3.967719528727132;0.2848455154363129;22.15656542102114;135.5926561006341;0.9974471573366862;3.1456178283787803;1.4115915080192922;10.14634060008088;4
8.274647725739051;0.917788261473657;0.765858643884742;2.598443216145614;0.030463946600922782;1.84286561352451;167.1218621026346;0.9953524502577212;3.4846824594801498;1.8610948976791117;13.698691009902895;5
13.340246320258588;1.5318715018739733;0.6916556518665415;15.06370654170911;0.5386433982136442;22.346550479812834;202.00960448930348;0.9914466618261031;2.8381627363010917;1.40337897367038;10.734622228635452;4
6.078872366117353;0.1954363336206232;0.9656389752668004;1.2209344962204947;0.01979311784209776;42.043328492123045;173.58982106146877;1.0009921557425265;3.067494904505971;0.38543813179613473;11.519717207511533;8
15.558977809387555;0.857001573524611;0.39355533610631555;12.619382117905916;0.5779052980459168;27.691624653633827;254.67141622277947;1.0025333455430974;2.8596624210093347;1.994593516927303;14.6769779576424;6
9.727821817635125;1.1689427630909233;0.1307173235897573;12.405313183795322;0.3050405329641663;38.97596565887162;106.99949142535353;1.0003748093812723;3.140287858495534;0.49525034381651334;9.974118799807302;5
7.267370235815043;1.3794550878778011;0.6717088592440608;5.239326062138402;0.21681876165126124;63.23846643728633;90.86766443579279;1.0012713918624216;3.851487761092586;1.4700118084132514;13.088151633293307;4
5.430513244829143;0.38171319338537346;0.7293098004772062;2.880148593706776;0.5656068424707534;65.78643885035616;66.51640572715979;0.9930186015261645;3.180901886386352;0.7522364591348993;13.308265630485213;7
6.51826432748921;1.288005083374975;0.5750605734588147;3.026178241899182;0.026610204872947945;19.88415859044196;16.692579962280423;0.9936598635915114;3.4536105908118113;0.9846084585546233;9.836488023903629;4
10.473445618683;0.9269523305490761;0.20681789313339627;11.08250161166301;0.3602735120265832;33.81197360216295;18.172951919555658;0.992910145098875;3.2903936771059747;1.408710088617567;11.656479437979272;5
8.408135893673535;0.6989683757053463;0.5044559416693554;10.284976229858136;0.34081058217510324;39.98922508214304;252.22561964992704;1.0004901639351989;3.3228239858593938;1.0589338733438707;10.676312514534295;6
13.966382034473487;0.3123039417254766;0.3121897365691294;12.328086844070247;0.14337292032561788;68.38698443906554;197.98526043287177;1.002980630615088;3.9713565058324285;0.7484119184149842;13.41739058210058;7
9.469029017378407;1.383331808007012;0.42746652816668906;14.587225117026929;0.26890357137877613;71.90182966067131;192.93067356852558;0.9998333227557157;3.1161161746950996;0.8885251320868022;12.446141573688744;4
7.410471280240218;0.3496188839423844;0.6452185758446639;11.002139503692243;0.40270613956031837;17.71391466774839;179.94391775857275;1.0020755773376595;3.5367020762944277;0.9003853552617045;11.493889856593556;7
11.57373834862554;0.5722902744452849;0.7452147426908345;3.1754324336510744;0.4475515869322746;52.6155708655529;246.32901794843167;0.9987690816723088;3.2734795903658975;1.932070920528717;13.465861222810169;7
12.586582550805538;0.5434664766651578;0.23222469090134312;4.454262204774996;0.01242939836524129;27.840205418556856;141.91553996337257;0.9953499278456108;2.8176556499305616;1.6636837365921633;9.928511205054711;6
6.487573559280733;1.3922644899186474;0.40532536064695335;13.196028470747473;0.5731752046245181;1.5756819789211391;252.326264481999;0.9958688731953508;3.3614501561627796;1.095776448370598;13.298542223798334;4
6.4940971440579895;1.102146371544991;0.2691615709916292;3.955868707179445;0.11055069806329462;1.6569290929490672;107.72294240957369;0.9910958779061201;3.7729460278872873;0.6637009369700781;14.024933028603359;5
5.014387124349035;1.2831548398994035;0.19863161386186912;1.9588258275354287;0.15191468009919315;33.70018653692016;268.2582237279626;0.9904984469992508;2.8654162702257446;1.6843969041386355;14.111040379249221;4
12.921342770241738;0.4856831322370485;0.7833872199958384;11.167888789016857;0.16982059397061508;35.67177882330776;203.71992536299095;0.9995423777290552;2.8283816461933124;0.5924947275859838;13.493878354627425;7
12.100991162126398;1.0323161854262184;0.9092526944369924;6.776884790156074;0.034654261794669156;2.6024484567144284;78.78112949491292;0.9960414015091923;2.935112030899449;0.6814719026271456;11.052092085488747;5
9.963328895972897;0.954749135389873;0.3702321856845767;14.332584767170193;0.08570822203060462;49.77184659097548;165.63603283788092;0.997591169226904;3.710788141464419;0.9412423643730523;14.781752147665877;5
14.139126073351928;1.335932350110876;0.7512789243737669;10.39372403796746;0.602823603843553;21.874240590241673;156.8476489011763;0.9976653461926173;3.659474137863817;1.8001814870728234;10.86735868484586;4
13.704072728335602;1.4428871083026404;0.8969952893644111;2.220117075758247;0.20081482568899436;40.75241020905241;45.02536654968451;0.9938478585775996;3.4575725665107604;0.5500837366189641;12.551065094165768;4
11.2145043176833;0.13774888635698473;0.8461242105302316;14.738705881903448;0.08106535311309054;22.365254194744733;173.3217423274238;0.9965516559974976;3.3346475331976433;0.5341311020670585;9.446982157451547;8
14.411465469799824;1.1040690818258372;0.1828133885392259;4.67493604914759;0.07608776544359937;12.866536355720811;95.0843315118991;0.9964817542191141;3.86817378467233;1.1549382304697942;14.772917841136554;5
6.926005673415482;0.19568026671480437;0.9562918815133613;5.823302359931772;0.4429565206343132;29.909335440520145;20.81470100711749;0.9953603787531234;3.7137062362685227;0.7916056036264367;12.975908492120311;8
5.864691699194324;0.9213336510129396;0.37667644042946247;6.773002039779714;0.5238866297555519;17.491408900125553;274.46969263095787;1.0012475987219225;3.7711666591532924;1.279775662552427;13.296954044101394;6
7.648170610141983;0.5399437844037702;0.33924066117383633;1.6478747275029735;0.16591442740557347;38.97086936126093;187.54177444519345;0.996214853730225;3.7728431227153307;1.0842332634209833;8.827548572172441;6
5.2450814738092575;0.5678938353023262;0.062431327277780335;8.149125164566831;0.024524797888805745;15.116825650340077;254.1680577194497;0.9982916384237716;3.5562507865268587;1.056381707606532;13.362215792434366;6
10.602215666411663;0.6353194150404405;0.486173654104883;2.700449969699267;0.14563092104876812;37.096824341768524;197.32384941875063;1.0022669840395868;3.3216785728812512;0.5169948607132788;13.435702289933909;7
15.183644322933064;1.0270869756124308;0.10901361564092871;6.7541667696499355;0.04585289878725764;12.173874555689597;107.02638487565196;1.0018681019433384;3.8381407457837757;0.5655529827172331;12.766522721354495;5
5.0445820095541585;0.607712949876403;0.248539820927426;6.020362904684431;0.07393356704139487;48.639204373490735;151.09072446905364;1.002197550415472;3.916029420356128;1.7012012243362398;10.297412489637233;6
5.9798420283133025;1.1897406138618094;0.3169426217672814;12.18346521802695;0.27047336378873776;54.52957559534111;197.2363331782511;0.9937474680518534;2.770233674938096;1.8094241717448132;11.58298527404573;5
9.709849019602817;0.7106099829378497;0.808826323491684;12.626289469837875;0.14972110414611792;8.8379906317453;277.75140803200685;0.9905464614907559;2.8054746890481392;0.7219214999183678;9.117823413506658;6
15.152787698065326;0.21979567245253956;0.8754886503958965;3.139828082880685;0.3210515812367286;34.213971254651085;77.7884569314401;0.9936257298145744;3.957603987073715;0.5194790375463643;11.465315931984492;7
8.17256398623728;1.2642893700267965;0.3024663174614697;6.251647335736703;0.16384275820105704;6.031890746496025;253.6185075906253;0.9938659940473541;3.0919939795821274;0.4192058421306327;9.984855041902632;4
10.331753338178835;0.5372071539053507;0.8586981212445739;6.350956151064743;0.5753818433606657;43.47095363348217;267.51401889827827;1.002455487649994;3.8491791883547615;1.3458570149489677;10.669130412211533;6
5.06977330726943;0.7518396442149234;0.8572309373697911;3.1105924814668415;0.5546604367878324;19.77270515300482;195.7275906484847;0.9989126860212532;3.233769801080981;1.5246398648753432;9.456902654624042;6
6.276278170871604;1.1207480695039762;0.7646509503848735;12.55742117374738;0.35151685690126916;38.461336435548255;269.5484555545786;0.9911828079297823;2.8912570731638816;0.9525926819693531;9.895353390354831;4
15.74892038943497;0.6053859894371195;0.14669511401518154;11.225533593697179;0.22429997120044431;37.739731666284676;118.59964025609528;0.9919138564776712;2.8421628642658545;1.4650586987093681;8.897696171830756;6
15.505841269727314;0.20261505797420482;0.690322846900729;3.6795740799367067;0.2403069823388066;66.62915857975983;275.7035778194453;0.9921903088298817;2.93876503183218;1.5206412219844085;14.37935888183999;7
4.655821784558828;0.6659247286387078;0.9450240645805688;6.254139865469466;0.25869951760355364;39.98490880237932;204.8875542379709;0.9986563442100607;3.0573643574815534;1.892021609932832;11.847669471840122;6
15.3554731752826;1.498894930733683;0.6825404787671571;2.4447533629051077;0.4478200139588315;42.39289206000041;17.88763217952377;1.0000863390274053;3.3604183094921494;0.4383389751846291;10.978822813207808;3
11.822055297315154;1.056932220055895;0.33161684910783396;10.071816317558442;0.2825317583157839;29.517371929271;262.64501140479194;1.0017783500619006;3.630902333718545;0.6511271777959032;11.877689882997096;5
14.40747672807625;1.100359557054122;0.5005793174308313;2.6720300984098473;0.5251812379570325;68.38465182598;143.10580495639348;1.002881469821981;3.9927261921363306;0.4444383992869702;12.483905985130093;5
9.738560368662608;1.0431319443109541;0.6457250433510536;15.294638861923799;0.5775127767722884;56.18019957021228;136.2725366921267;0.9928172160716033;3.300713563977247;1.7795498686713045;14.392212156900769;5
10.426235122945528;0.4105285228807777;0.5105704087285036;12.29795829044279;0.2132317458739814;21.26377561150175;166.3100494922365;0.9942891012419416;3.3980948767757493;1.6536205572560594;9.561504189861036;7
10.123966356903198;0.7307674415893289;0.11995294173096982;6.597482823926328;0.3478559943440324;60.938880590112475;48.2758267362575;0.9933431976357446;3.402705940756735;1.289652257938471;10.321091241128915;6
12.135566110270979;1.2163721056104446;0.31206404465202064;9.347033411278575;0.06893886556270609;31.700141573141387;138.7739917445738;0.9949563325488888;3.425081631469679;0.4697178947854759;14.742630686236746;5
6.178059178746335;0.26800443042761235;0.8023960305536325;14.205590516759568;0.13208095961204902;59.83536719088517;241.20900233112204;1.0025277387631115;3.397530634522667;0.7864316389517118;10.812754413215409;7
4.938701565561261;0.5256650530909799;0.8614180460955174;8.989849493779062;0.2596659942593859;59.42505284883865;10.38153593591684;0.9979030331617141;2.751143938928636;0.8271921462577232;8.54665072992263;6
8.079608339980457;0.5234258983601463;0.13730003271557023;3.4476779014101453;0.13551542682516554;14.409783260162662;83.23555637179707;1.0001241736415596;2.742190524079498;1.2664411373457465;9.359682702141532;6
12.562892618924108;0.7507476342879787;0.9523867523987246;6.429068991484926;0.5370597339824418;50.781020328233964;6.694647963607914;0.9967454239960467;2.864036224020176;0.7609333030413148;8.571201561365589;6
6.880944008989316;1.5513383617755903;0.32882261784860933;13.209915029434283;0.10681346737939974;21.635650820763708;123.64630048940708;0.990463044779638;2.8689768863550573;0.4518429727346346;14.834500425734735;3
12.209786496571565;0.21855371815838004;0.66231373873072;10.30551003344842;0.2849408321103021;22.121979569479443;212.1132894697269;0.9909443425192902;3.635219074372591;1.55037304409501;10.21266051844295;7
15.560006121012156;0.8773034517956687;0.7518251459566812;10.400576011273484;0.3748138450354655;22.040713458521232;232.05242763943988;0.9973965116858686;3.0002433612953197;0.8294639534645369;14.403027920085469;6
5.661078088420427;0.38187243573782725;0.8119462346378834;13.555593691051941;0.4264264809883458;52.515345576756324;273.48870239894285;0.9998599066542487;3.8762869130396282;1.085464875628912;14.873260792438153;7
12.200403935943928;1.5371877562982266;0.9457497022259301;13.952006638952568;0.24145855246617753;17.31764896727006;178.20680547073258;0.9930028017849413;3.9193300385628147;0.54320328042045;12.298967937430243;4
9.614377478141654;0.28542311690209776;0.3129195480288226;14.32897154797977;0.5325903421661123;1.064314302472406;78.05940326276942;0.9999024083977751;3.979384539127791;1.6702556666689479;8.615776047926152;7
14.41000747446581;0.7092574634479232;0.8585064545515545;2.284798221496079;0.35242317149567737;51.78181659726695;267.5338696056858;1.0011112678348455;3.9326332572065157;1.2744382344631762;8.930345597515025;6
6.601792620755461;1.1973120778585251;0.13168690343620704;8.844239628661272;0.2752651604880835;13.154116812293895;225.41435834814644;0.995680043655292;3.0852981688365264;1.835647995770471;11.530328858201205;4
12.42667326015566;1.1486494649200703;0.7050409063535927;11.711439009787451;0.05227713979716993;8.41825006685626;168.56326068988992;1.0002362299513368;3.387416592773461;1.1574375103191066;11.040118083924659;5
14.070702773023646;0.7371838098651411;0.7419777295139859;11.951131938854402;0.29034899159865385;17.86364456217827;202.86618104845888;0.9955728879234736;2.962827812150115;1.902180871935859;12.34015248758149;6
15.274140680056464;0.6259252852109686;0.6777232412013204;9.758056548762056;0.5036207686486224;27.972937084911983;267.58152846710243;0.9993091355731774;3.76388626206899;1.8194199013168144;11.252510763123865;6
12.320702719672997;0.700514072687191;0.252314736135153;3.335095093681643;0.38011006991456797;34.789349250597255;207.60751005783683;1.0004756398117323;3.8683082655330017;1.2926879602869206;14.471499520264649;6
10.21807483329523;0.5058433442116133;0.8730431470152034;12.542340087548299;0.5104653097837418;4.164472890596788;110.24998564647973;1.0035800405413564;3.8211368259078435;1.889602041710272;11.875808150187822;6
11.581673814273717;0.4197860905119277;0.168858463370395;11.413625469318207;0.3079129906889841;69.9107066165426;207.78698124781437;0.9947743025373061;3.2903760248449805;0.8695582079819022;12.909219399505876;7
14.418626324609516;0.8252379584359794;0.05363479152083084;2.1575822646159297;0.08295856135159461;51.84047679278863;17.39872005411477;0.9956683754314262;3.7035158335522116;0.9406224117160329;14.227154272176229;5
11.047890137018776;0.5120592838587067;0.7174649906119122;7.671623440245893;0.020170267655692763;23.946778638027865;115.35560399805449;0.9923257452091665;2.8639255453618624;0.4059481786810817;9.354667192915848;6
4.9433737745742565;0.5396940307499851;0.4754757152327337;3.440070033018332;0.19362850848443613;23.62750526726321;120.98941801229894;0.9928494750554326;2.7911108586864484;1.3139655142956346;9.893275251770437;6
15.119720259228849;1.0788638526728533;0.8490980199586761;5.827164867409389;0.4300962924271777;32.84652100516062;53.21522034109621;0.9995140399353899;3.696610246172126;1.5356130297813189;9.097571293081097;5
12.39165228665664;1.5340645042818424;0.38339714105825895;1.1639839462030073;0.48536568246107453;45.46338241617534;12.53319099615096;1.002560160937904;3.280201198397428;1.6217770477043123;9.30764959499443;3
12.244601259282886;1.0013103128166876;0.16827858850771282;6.74481607879707;0.1891559479375773;11.392487727816711;43.74688996848122;0.995444519441626;4.004347566219253;0.5801931976969925;11.731795785072515;5
7.037129222094204;0.23239002191485075;0.8364421924698697;8.928203048880674;0.30889669860906505;14.414016777311614;191.2578833105666;0.9925194813659001;2.8635128541365265;1.0717456507618754;10.487665183288517;7
12.045405813629026;0.23035207622693776;0.5489096316400717;9.945905855275468;0.26425022375601487;62.01985538118211;233.04773503092358;0.9939530551815964;3.8266471555497468;0.6253615641968391;11.150623456923906;7
9.050667783891992;1.5090779024345262;0.1891957923903549;10.586959038879167;0.25790314782650525;19.19409959612415;285.66158844173367;0.9962678042194868;3.3495784932218196;1.4357526725865957;14.786183906661403;4
11.958932640568861;0.5540445538487071;0.7203839985864458;13.109853171295915;0.15057787920689014;27.993844856237605;104.02087137970388;0.9940286574859563;3.790480748289924;0.5937704419443528;9.418578260673662;7
5.804501242480295;0.2544177996804141;0.5111136384895005;4.045758446225658;0.09368629191264556;62.86030141745831;175.6243198998918;0.9932513471121198;3.777751648356084;1.8399533522066451;11.91527846018749;7
12.033651942014307;0.994605097239557;0.6043129822403198;2.659034607601632;0.12981644638049666;48.0834958873874;271.2120256086795;1.0000941087368713;3.903309841729838;0.7151598582545603;9.042662507848732;5
15.893375101208532;1.0305272163037884;0.4608983382065819;13.332442709709715;0.04514409991084431;25.261543433259874;53.27282411869719;0.9901768478272973;3.1182695143333508;0.816641784701369;10.470226036215212;5
5.144796039124283;1.0668170373732848;0.8287089838180064;3.186547097432688;0.13068031435232264;49.542667746448075;209.09370093499618;0.9974143197823229;3.946245178896744;1.7510135579921695;11.828918503884891;5
15.642068281700887;0.5104069606720103;0.8295627156830498;15.131497187508451;0.017511337677602296;2.3975082920803734;219.65898148121317;1.0008811039117451;2.9326170396541777;1.0956409089433587;14.553106348774696;7
9.198059956168438;0.14206159895313356;0.7093888218243862;13.201058149220101;0.387727781980951;53.23062886080693;31.18007665102276;0.993696029259644;2.844100347543733;0.370073229486122;10.94298343834264;8
14.43951398881103;1.5289224394035288;0.10540137739646227;8.212798445988147;0.20150886902522205;35.578138876653;249.7335760068074;0.9982868303745357;3.2881517070628834;1.1559590395084185;8.821893525395355;3
13.440955969858491;0.4863038467090096;0.8388538619040689;15.228752803861568;0.5949136821447183;58.735932457196746;236.1087283323688;0.9991804194385255;3.79197017017514;0.4711873700848055;10.92304941174206;7
11.007283749149346;1.1069983805567194;0.6710129805329098;2.3217002449768613;0.1280365134150024;68.77927329245925;15.45305086141395;0.9989914363650373;3.341244835904476;1.9755256802078087;9.347317643180855;5
12.94447606453999;1.1516796100229159;0.6970241660042995;5.324760113156485;0.21915131361544676;66.73098701411435;31.77688941105457;0.9961424720177865;3.7931940804637527;1.3121463226608558;9.894932486394396;5
14.527225842705231;1.010610828936049;0.36298284040387163;10.218076459592927;0.22634685402627838;65.55781808532919;19.902910971394206;0.9947903921948681;3.6667022433587677;0.758409471410334;12.417589050572438;5
9.166785634656673;0.5768447955519264;0.8792795561570067;6.01010027970841;0.01706244614141386;37.36406687130599;100.7324194992195;1.0014552858746388;3.005974050396446;1.2714085248445217;8.838255130323931;6
8.295474725664597;0.515800530495536;0.7253716002348575;14.45423925891956;0.5146855638706359;26.5700901038646;150.1287843624191;1.0004000339343382;3.9450796636223187;0.4583680626475306;11.420704415625243;6
12.143805256868507;0.9925956927459465;0.11259046652919447;1.8581408873961365;0.03116468162645051;34.01750805587777;156.65440701115995;0.9944454954618975;2.8171920841593425;1.6658184781289245;12.361500309069969;5
13.728659143936222;1.3844996250730697;0.40777803440616267;8.921412748090082;0.5751677210028155;49.982616235248614;81.74969301475227;0.9914731214283028;3.8808152285806194;1.8752978499531534;11.142079550388729;4
13.213822022975759;1.5022312442281573;0.8863803619601417;9.526647503968672;0.5463525363050787;63.763842157854256;263.9819188965576;0.9910480187689673;3.126643180217775;1.7903221283042865;8.524321279054247;4
13.61529423210257;0.2746224744294862;0.047196701697378995;10.429830607147473;0.3327776277354922;15.696027513008488;110.21836953375143;0.9913540388189835;3.3751880656187874;0.9007351958385998;14.805875819868625;7
9.522091457386143;0.346049774392671;0.9614166196420495;4.632726860644491;0.33761374937186395;66.19171425078092;18.89069413819476;0.9980086806994356;3.276386878329933;0.8740327598044253;10.78625248771348;7
13.841526642777744;1.4993149378232964;0.6791625683195628;6.2226698417900215;0.40361297585073763;58.877796469862126;90.96427256621234;0.9907736388347909;2.958229887284484;0.38859631073122103;13.460751715066236;4
5.958362325687875;1.1953414333687973;0.6313759776433766;13.217735733108674;0.24384295714899729;70.49877707765465;156.303966579996;0.9946589440370102;3.19484652033015;1.4178385990305309;10.516702199218447;5
10.7527268069576;1.4091709842514688;0.2705592564879914;3.7461644269643335;0.3996861477553154;63.49787590299979;121.52677579246966;1.0003285799400718;2.98502673409185;1.2232909895969575;11.487608920457223;4
4.665072863628773;0.41584364583760103;0.24879178873917707;12.972270568731085;0.03881626482440363;20.875550408125374;83.49743290509035;0.9940790220279394;2.9989358238348656;1.09710844011666;10.925013676971478;7
8.267819877873054;0.9778753718197267;0.9420582194885955;9.114769174380038;0.04437452878248621;8.522869705427386;43.16447968330183;1.0004662560111934;2.977562181753503;1.8457436920689607;10.62650499181245;5
8.741015344046795;1.1436638078495114;0.29827245423412274;12.0279376634336;0.2858810213521071;8.96911611140279;237.82355352723303;1.00022326106038;3.3610520730401747;0.6103577648083534;8.542033951850563;4
9.076751415184585;1.1129633527525802;0.7755052967189994;11.318667547446685;0.34122375836251495;21.676855619057605;287.9091035211463;0.9934181655464644;3.753372836739371;0.3461426653726045;10.740136096054274;5
12.458779435595442;0.7159014686653792;0.39312179820707915;3.9296678326192334;0.5438027665611556;44.60704440290229;99.26042378725863;0.9999965580928631;3.462591942876776;0.4524384750416783;14.181684937596945;6
8.990706544354907;0.14247654186931036;0.13925407078470398;9.204665951934544;0.07469171971082986;58.10674315289925;113.9987555019789;1.000254717813266;3.874372367459569;0.7030303011717061;12.887556700858944;8
9.670237935634596;0.9710720429342241;0.01071529769535895;13.56875803095435;0.5047661083891397;64.8467717956911;180.90461948357884;0.9954833224675849;3.5484115004924397;0.3855868672699731;9.345248584120359;5
7.2842486788799;0.48952824720222876;0.5442573370152508;7.208897057308168;0.1378183550379497;45.286490290215525;209.3189373501582;0.9929359269885595;3.6154619468534075;1.1697489967740362;12.242507530047805;7
8.817745245411544;0.7773711993686199;0.9757788185489327;15.012225245260424;0.24805610545750909;1.3998232051118147;116.94435834941633;0.9971697083898673;3.587861181753294;0.8545310602400753;14.199500589667664;6
7.168146788073612;1.5180682820223734;0.3691361938092045;7.502340461485084;0.20164485846162034;14.22849113281588;262.0950533058537;1.0026194351485627;3.3108131753433514;0.6314066234737816;12.95022126627156;3
5.427113938583413;0.7025915637579546;0.35719233399304484;2.9846702953511164;0.251693008446374;8.080560473589124;164.4811289517839;0.9987815798957247;3.615460304194105;1.5826404051642657;9.366448550318529;6
11.41896910520957;1.3461103457300632;0.3440916178494421;6.58574632913403;0.10214680334547874;26.796037765399713;133.46039162287846;0.9924252044176833;2.828528838015581;0.6714337148083251;14.04091122877423;4
12.150804623671684;0.39526928439390663;0.5205438373048584;14.794855133301843;0.3136384745677294;36.59592054799596;189.00838914425316;0.9993691493148705;3.832011369332892;1.4783005186596347;10.360036086377626;7
11.600240909908644;1.101792327116542;0.44066488342429355;5.567924400361872;0.492183911308989;4.0811996790778196;275.643489054516;0.9958885052315786;3.7278214221737747;0.913272392765557;11.351494938030221;5
9.837482694946468;1.5464301534808573;0.8799146267270145;13.574233134059117;0.27647887221695927;25.741936281491526;230.85829932134266;0.9981266222199802;3.0514420469542323;1.184752360306466;11.819927937979452;3
8.891579316025297;0.2687639272744877;0.5055207917234903;13.766259952555592;0.30587753196302125;13.721756898397903;17.323715941440188;1.0000679521570146;3.7154012169026847;1.889557956551704;13.92829292845827;7
14.355670240161626;0.13214711565170034;0.5077578381885688;6.012723255246632;0.5204117835835073;46.94198180438005;100.04370473940858;0.9970835829276268;2.7560561037780236;0.39237723014240744;14.455448718459797;8
10.465624172039263;0.753030877243617;0.1383715947205566;2.115561807539229;0.43492881066818045;33.96333822202814;139.16414584119602;1.0011564617336886;3.015903147050718;1.1654417274873614;14.442743705638614;6
10.01475521721596;0.2552332052549961;0.982739540910386;11.478545473718746;0.30578219070335105;36.16755293230752;95.00847293517678;0.9999057589902924;2.822724293112038;1.7568863437471225;8.451702178310514;7
4.889755343612723;1.2126411505272978;0.24997289086882968;5.448079565604196;0.16635969326531863;31.366116950375737;204.1530797150192;0.9984472988910521;3.7308881841047263;1.311916994778482;14.392275156305473;5
8.456100452175566;1.455241049218896;0.07336406745960267;12.330684768160557;0.542071121360135;68.87739944454626;239.83416941111042;0.9921237981516366;3.6999601719965516;0.7923737633318115;8.753515279010221;4
8.896210492280185;0.7536706201547879;0.6631462489752088;7.362760784602323;0.35763522061264447;16.246193883630987;212.97066193743186;1.0014556268906156;3.773317750228325;0.9941274956922073;10.12752876931333;6
9.106697424134975;0.49771899754694376;0.5953663701568727;7.984894438202275;0.14446741845630534;37.68316244891508;285.9813201724019;1.002817034072056;2.745691750523422;1.4660435999767194;11.747421055730914;7
11.155947772268854;0.7542288457496502;0.4151456539927457;12.257477338528638;0.1732027318301682;53.25723315393885;83.13098435372723;0.9919354649862826;3.376565562881578;1.8176558635040512;11.51951697852856;6
10.629708778013725;1.1762338140610016;0.42219223388067806;6.482504633499768;0.4930767202728113;40.535953332553945;253.62202709191126;0.9967198441828833;3.6351419708470174;0.39858084415684136;12.330613660268048;5
11.469327548565925;0.1332190759073416;0.7850639210464312;7.369659241714553;0.03844319169038582;66.96048288589287;222.95421424437959;0.9935960646656383;2.9373594334985498;0.44946983255692863;11.516400486790538;8
13.243180855426049;0.9806028246476579;0.19571264009964906;6.3923808440364835;0.6062632200302632;27.835753250531177;108.49658838895535;1.000346607447136;3.565234223941033;0.8728360444280112;14.473441917662736;5
13.786738847491856;1.0154058599355733;0.8202533189448897;6.263171523048287;0.09008065614916028;33.92098220989564;213.75724585492213;0.999898595642384;2.846819826123301;0.7187420730105899;9.963567513394816;5
12.714790761359387;1.0510248404680658;0.6487471138950182;8.578820022761308;0.4888450467127655;7.285084380245718;35.45349566636389;0.9919888553421689;2.970283837252478;0.7724345799914181;10.181160511250159;5
15.397417764290763;0.4733522367720807;0.4189697737795244;12.708471889716801;0.24847041474623804;44.23893688468692;229.3813755023763;1.0020151114345834;3.344261955043143;0.6995208977052212;14.384796582004865;7
4.806028184242886;1.162516976132065;0.4580286165838686;6.181817354069462;0.3068374937891927;21.46304975981553;156.64956053215005;0.9925348531313803;3.5700277439049994;0.6570278315881134;8.898806839344166;4
6.812291238224071;0.25343157004439354;0.2566472071860958;8.554118919850955;0.5395096959012822;12.381941805605388;88.71811887671865;1.0009286679293272;2.925253791231448;0.5481420246717172;12.362145342381265;7
4.685460487253006;0.41093469124152915;0.7521143326969748;10.692618951461972;0.25933380256393873;39.66172179622007;191.58497640492297;0.9962940724981334;2.9752336301552913;1.8897034000980475;12.83128368842647;7
11.916464269947014;1.4011062681155435;0.5128747423052678;4.833815916033363;0.33395875845026746;38.79402869997365;187.57845963617774;0.994541068638262;2.9996468861733923;0.5707964047232756;11.686021202293308;4
14.747745203134853;1.1985358000607866;0.3208545427498436;4.951832951574931;0.0415304977830928;6.386886526907376;65.28460102964672;0.9922252187576228;3.043150021967703;0.6713543038584454;12.912507212350391;4
7.351349951312182;0.14006850885656405;0.5960501157609502;14.52783165454244;0.013406136846604438;50.57329719810757;14.602468391661896;0.9923529061687171;3.0277233876283898;0.7412637590479121;9.522905199077785;7
15.075490356198266;0.48262934013990827;0.995734452051323;11.463604770633895;0.1586351239280338;45.287825536210555;128.7151920931737;0.9990849493550262;3.2418393677919988;1.8881348381278023;13.942109513015009;7
5.281021510272037;0.4330334651700202;0.43526227965655384;9.32692547286031;0.4196692726583416;14.420227075001302;167.17185902447122;0.9975668618838398;3.570312856562638;1.5920426031138115;9.310166981554257;7
15.159127102902312;0.5153772389339799;0.9206914007786196;10.356712794540934;0.08463767112212288;34.32987521293711;254.07929377887936;0.9917328034428898;3.2963003645807767;1.6487980486269096;11.005280888052374;7
8.573336365807869;0.4814372646086341;0.3450168399245661;1.327771869309908;0.0801434133239251;52.14292706997776;268.6853531682692;0.99160494485917;3.7254868641123577;0.5049462934292918;8.889174408503338;6
5.746055361476146;0.21128839178455477;0.054732706924985886;9.924303297200774;0.25816540421350603;38.589937578430636;155.6518767383649;0.9910548700284054;3.6534710025547406;1.7266374912761717;11.9438720123131;7
10.09035087880548;0.7900531542313577;0.20424210636842888;8.338829549073347;0.40005438612632765;29.079724409033485;219.32638590649822;1.0002001112712275;2.9006891808423263;1.011682446635088;12.753347748266656;6
7.50157521524174;1.189790873187801;0.4186951433276842;8.867945324779761;0.43853112335651034;23.886030523747;130.32282606882313;0.9997658340008229;2.802028861617345;0.7689144537746893;14.517940628119389;4
7.819063792169728;1.005828318087457;0.219634928594569;6.14758787172993;0.1188919537849265;44.337964531727806;217.14125031012873;0.9908658300954393;3.8549857862794994;1.2915026394789186;13.205685273324006;5
8.072376603667038;1.1023926361531964;0.0002270382182555375;2.0895189066089515;0.05967330027585342;67.67671758002709;63.95883155778424;0.9977008784296307;2.8413854545348496;1.7030454527139456;11.917168956951983;5
13.674192645509097;0.23847780066290916;0.9150015377475272;3.7227528107359618;0.575297823333381;48.69388367390132;111.0113199493994;0.9912232892344054;2.928390759514036;1.6303490922950987;14.46201061160717;8
10.692522426430376;1.5091764368581093;0.843879411230929;14.780872812905008;0.16813916315469893;6.306959158178401;185.48652366425299;1.0023790173956937;2.76810925995881;1.8162957959104906;11.509839447265698;4
8.11777700046284;1.3441980774108164;0.7422922314869471;6.867013609155636;0.5231545520676255;33.7086331172315;11.138704266803309;1.0024249392492335;3.5379871839292902;1.8799807506457913;12.047836745142652;4
11.496771751413377;1.2954318650036676;0.16781459564602863;7.713574075130617;0.5292313788272281;64.24851333725456;210.45655082592398;0.9995799333212548;3.4796106152111026;0.7276638592843417;12.274640429855623;4
12.692502618722088;1.3215563553609804;0.12036357620998606;1.6695629318602094;0.4747410324657641;7.7068322318771685;242.4565468588912;1.0026846931100053;3.9933676563727745;1.0378426832626837;11.064868218262685;4
7.680651208288932;1.4817573418738315;0.06760474947238315;1.4484669513421164;0.11313133038488947;71.21017556176558;118.95709008958826;1.0011219902742345;3.866404143322808;0.35442966047246693;13.850137488677857;4
9.273104847236471;0.9146107905259986;0.7240291887729212;11.370849126882662;0.504259074093266;68.38392694882491;132.76770406113752;1.0013546954041264;3.2617708354007555;1.7984671709726503;9.603643602492884;5
5.977312854707507;0.4124117460867338;0.9288079606878853;8.756182096168224;0.4727810849857104;6.557488131821186;246.91286605727828;0.9978294209247625;3.2119140179589194;0.5881354929628618;12.006474237415452;7
6.646987649741887;1.0205040674647101;0.430535820913037;8.327107369557494;0.36943707107362406;67.2723457519184;225.51026179726745;0.9942385262797043;3.117002083535581;1.7686629366122995;13.094516165216762;5
12.296631749804305;1.204606980755191;0.11914067199604816;4.449618144170963;0.2139840190662027;26.782413908421816;87.54630539644512;0.9930364239478856;2.9335567884481093;0.8800768277176159;14.275845117197752;4
6.650253328960584;1.197359394296877;0.5123928207321066;11.773360681796865;0.16924265395565993;60.97435086238624;97.68523815691553;0.9945264643001702;2.915366243884552;0.9447830952685008;14.14546957682281;5
10.53434623543778;0.8813155752836449;0.34883190745863013;3.356254054983981;0.08501163803613501;30.705216977642277;198.12253976653884;0.998630107757813;2.908000309172199;0.39535086498804517;11.706811881295923;5
12.61222275746349;0.21994973022702397;0.3748249243499977;3.673047257450892;0.31734448307362195;32.30071300187863;165.38506016282963;0.9924215820180373;2.884925741627209;0.8758875789080838;12.580549432561721;7
5.807709230970605;0.6618248901079866;0.6213306241557073;7.626397701684822;0.36257126443039805;46.031259459405526;51.91096862030864;0.9935926800230003;3.045450293855032;1.8135673502781111;10.962545284840457;6
11.01062808180661;1.4643192483565017;0.7187181132622024;5.079685986834337;0.22724405531895656;55.987896768594815;93.7101643118541;0.9964449889512742;3.129469160497658;0.37266415987307894;11.443155458721302;4
7.49915945582541;0.9732954082458419;0.11060359887316085;4.512959526003937;0.29674008154084025;3.399029717325653;260.6952673566591;0.9932441423419053;3.961205293219423;1.0085668799880314;14.290727651724822;5
15.481073690184653;0.9059646371533416;0.035590230806476386;10.320469610478643;0.22974515996419076;43.11407568242653;200.75336559240054;0.9980873267815328;3.474661028772395;0.3824373817872777;14.449575955751081;5
10.06406580793515;0.5125261309980025;0.9943303026857149;10.40418748019075;0.39596262833510004;14.25804258091334;285.030731905002;1.0026436575075752;3.9942466336318665;0.9494421199321386;14.22019137743563;7
13.707715812459286;0.6579354230782052;0.23272834891555183;12.937949219078966;0.5518542654701414;25.56241576828741;223.06454598455775;1.0002589771608765;3.213033023738605;0.6183098701030862;9.299410601788649;6
10.817559926365757;1.4272052901636272;0.053830524908459076;6.998545077805448;0.11018823696611997;25.70577529702037;272.57876429663605;0.9991467304847081;3.32118582338859;0.7512047167581812;13.925546138649135;4
5.090561621259456;1.09303604938918;0.18987532909591998;1.9670423289817935;0.24046387713197093;34.30328415570191;67.18136640534453;0.998006666502899;3.1522148971399044;1.7955892831795697;14.564364251639622;5
11.754610544212452;1.269585059058406;0.03895784634846422;4.895529219853282;0.09638029376656593;24.72368524320831;224.33021957319;0.9967158505240812;2.972267316638622;1.058202198438558;10.748123014728431;4
15.350857766935224;0.7833443176787764;0.39181089461717167;15.208079762673528;0.3863413184742914;8.622639409997412;11.721558201826673;0.9926109997682241;2.921819178877526;0.7872426456411934;11.771200881240851;6
11.398213567653542;1.0401609404059906;0.8024017844513243;9.60537519839745;0.44859343518366884;11.339640435307052;195.8250861443641;1.0022559564029139;3.9402505812159463;1.3141950911774147;13.464119162784474;5
13.85683411152273;0.482640068765083;0.3412444497577206;11.262161438094896;0.5702157268258761;3.3740969748379346;138.80688470802832;0.9934550603474148;3.99324956588442;0.5673186229204126;12.053507894176718;7
14.591533035837008;1.14997281221389;0.44418340687836655;1.0074243125310522;0.17904428383031798;34.38768505834155;104.13310035337942;0.9913136269126146;2.797035060566089;0.7631839843928293;14.857642891090622;5
7.177301423022937;0.7442979472068725;0.6755867735674388;8.465803689864805;0.5811765123133926;68.76578633456218;250.0604316989442;1.0002852067410948;2.9309392609093434;1.2422341058968238;11.362136873519384;6
6.996106690962961;0.7661164516295286;0.5088940700698802;1.4479183999643257;0.0498943404205842;9.212940879016275;247.75775702208117;0.9924618835775905;3.2778755972222986;0.726663479886275;13.040627622847955;6
11.504085174016208;1.068010593882247;0.8614456860213242;9.21076109653514;0.37320530415538833;68.18477900321882;12.311382486316134;0.9951352235137508;2.9766435149573973;1.4641433214594584;13.551842411277537;5
9.244621708815764;1.4869697073446329;0.8660356750457565;14.3432544046867;0.04622249888665465;53.06866754597864;178.48994965318897;0.9904552407233231;3.2021280999061417;1.1507904747734026;11.611652702429858;4
14.09043272239394;0.21344926604858655;0.009910695491153643;15.038919305305955;0.547370738469405;46.26241500832558;110.09651948283067;0.9919368653774009;2.9039523643217344;1.6192217473253339;13.970394737123943;7
14.770261294397526;1.324125126526631;0.7780463064831992;8.792069060678292;0.3293556251849624;46.81472062797297;123.6320634246271;0.99242903345095;3.3197699310366735;1.9135683746565226;11.950004842846777;4
8.593661586120714;0.5468793412018019;0.46073360024167387;7.589790156682353;0.41293966210691485;59.69766303613603;241.4675291989136;0.9908110659399574;3.0850521625349594;0.5233941652101709;11.075730179210606;6
7.276637316411647;0.7681224035793116;0.9888405413036631;14.697249576028012;0.510112781620361;8.591310370967317;93.68465534233295;0.9990136677492031;3.186919420813499;0.88889056667419;9.100853880037656;6
13.41993832225564;0.15199346001151307;0.48323207587543515;10.73470354715175;0.10203606286789728;36.83755697315346;272.8828134104465;1.0014700461788384;2.8597770673576894;0.8636469350069389;10.957188246277758;8
7.705308201693938;0.559527273638097;0.9868959453882975;1.847529481260778;0.03511634560094217;50.493470816513856;56.83637286331584;0.9951545558347041;3.28372262440188;0.5824754752932146;13.170586955766346;7
13.895541799204565;0.8538416142399905;0.7545693612057366;7.699593433945465;0.5384498064017984;42.66425160022302;193.5504458131943;1.0019817316129018;3.9887371659211937;1.6832062393468963;14.388361675920699;6
9.388242266231021;0.20201707292726095;0.24860488461330632;4.407577269578837;0.20064500324790055;60.12731404265392;196.20573396489542;0.9929757803455089;3.157617969539112;1.5989974357447794;10.035916125092017;7
12.143313861993615;0.8369997648994211;0.5383949792869577;7.759143093150751;0.08925836584837199;6.131291339805956;77.37123068410085;0.9945018175689041;3.853065179049892;1.1389905362934463;10.709030862648268;6
5.679549046331751;1.473581518133304;0.9921356394785827;7.549797351292882;0.29260828101516484;50.039773804440784;97.90442233771816;0.9921230378450845;3.81086290986208;1.228077198916998;9.400746461678771;4
11.649610368845275;0.27387409843739563;0.8575306077519237;9.399314121095234;0.37038533934191525;38.91596885731496;242.24797340012313;0.9985220162416067;3.949114191237457;0.42943871046416876;12.889698812488298;7
9.70497476973069;1.2360834629902362;0.0973668937912211;6.108849159099068;0.030551391450083565;27.92042134257598;221.59088715225155;0.9957886238276535;3.74343908057921;1.2576972783861662;14.641224795064515;4
11.228675633882858;0.7181197379289492;0.7063719968099961;3.2983485620565496;0.17666249929599556;25.15952373861619;99.13413412907695;0.9984229191839866;3.577687970364695;1.6515403451127928;12.566189429013141;6
6.4985605475169566;1.0765536232055335;0.34557958587081306;8.254303745013361;0.031647124691860706;45.07911692696769;157.10970278258628;1.0004440122114688;3.827862244168871;1.2882920478850415;12.410997445040472;5
12.926673317869259;0.49994543305843486;0.006982261880348117;13.020962111448126;0.26378089812810385;64.2606715997428;23.455523839626014;0.9975024750783688;2.8360687444348343;0.7730616381010995;11.99768454825282;6
14.349606976238483;0.35285870331038305;0.4034809690269996;10.594578529786993;0.5481649174106803;36.22849075317919;65.07508471881206;0.9986183254337624;3.327794934642486;1.4448056147983432;8.974962314455988;7
7.049159741025765;0.3542754168359906;0.2347544217249713;5.840170842508152;0.6006087944846479;59.55534464946133;143.48721815749295;1.0028081092820509;3.9963554230411242;0.9336856780419636;13.141774871790993;7
5.681574477377827;0.22291824063899118;0.8188692705204715;14.558636132279316;0.3935914845486729;29.553103110921693;30.33056708401688;0.9941432558968725;3.7173921921443096;1.2399383847571779;12.313322033070781;7
4.867116022323601;0.3910441891558148;0.3373306088457655;14.218230540238059;0.10882097857697048;8.270006858315535;244.6630564344183;0.9949618128441944;3.961835730107273;1.1442341566758043;12.699598997565866;7
11.854277955008907;1.0897603020838935;0.8275236939538171;3.956486631007842;0.5546037846095841;5.366907288563337;209.19575746046434;0.9998451197864812;3.7301356322895183;0.9665622516118508;14.242272104678241;5
11.460162607803223;1.407268293291522;0.0005979388347953085;1.4754967427572994;0.3212324460968362;4.644740363981108;273.04832879352404;0.9983959811422943;3.851100098651523;1.5305262272582056;13.495745115896618;4
10.777680763668991;1.3086235009630962;0.30781915002611915;11.723107141921128;0.10409583794964793;27.990660078994566;202.2511343878197;0.992501618159831;3.6372926330250523;1.8060731070164227;13.47594913900442;4
7.221002186110522;1.1202960924167469;0.24116521430776194;12.983109815697638;0.5641142750015452;24.943880309344788;272.1335883501985;0.9951931263623429;3.7058375456098944;0.3387049058564647;14.42669449771576;5
9.017237753732315;0.2812305205802099;0.23356736106861098;15.030822662889786;0.4657239613831387;51.97352867720244;162.9270532605431;0.9964419537387587;3.404436072496166;1.8891395871147134;14.834577184509499;7
11.317582587603756;0.5422136715920867;0.0681866197654627;13.891611353689337;0.4502914583611678;53.74032661252547;175.86186693053733;0.9957820895931294;3.9137818800339486;1.1842302772589857;12.178337757746888;7
10.213465505108614;0.5723180379708047;0.18712427041050173;9.667807615813656;0.4367992415728484;4.610631787195528;282.4828084592318;0.9924981028893461;3.7877994164916693;1.500222240206653;9.107730504202578;6
15.761976378428226;0.484937141740527;0.5555495698856199;8.638764152500759;0.13200355283676896;16.69975166512006;187.72254856258567;1.0026607378501016;3.811733906395353;1.7588930255137147;11.384344400540337;7
6.141769203891084;0.8719082631761957;0.2913610728377445;1.3064793484337598;0.13839300833280813;20.47259136128188;14.712598987591287;1.0004527815342719;3.5947215582230765;1.1100631661648308;13.519407452000689;5
12.455133460737809;0.901908569724322;0.41739478232914795;4.501184123933756;0.42428750605792576;39.88045087413947;210.83618578643808;0.996626066433309;3.1268165328008064;1.7244067025193668;8.58021461095202;5
9.168802079578501;0.6410535237498208;0.3768668803471885;7.610375375300726;0.14361392731612774;11.260580897393469;262.24763987488865;0.999332431205539;2.785249840145477;0.6266250984901878;8.769768349314969;6
9.438655648659447;0.6365321717551966;0.8759049249998946;10.07615694122009;0.2747643463850263;10.509826577400027;231.14921069179442;1.0022909899944858;3.9282820143501214;0.5958097825812901;8.836525585488339;6
12.708854751937391;1.3296911729428786;0.9052989990105155;9.035876766448796;0.4804190935307709;68.00901113376501;171.2248161529946;0.9919246918189646;3.484372842982981;1.4279771859897765;13.151732429134022;4
12.424528509965377;1.2723675585467409;0.49295697165586005;11.742485449352682;0.48158755834060674;58.09840641814245;195.9788942054651;0.993480080950629;3.118641573358138;1.783138819271401;11.657583085660619;4
15.801192728834728;0.5693819142538886;0.3301559503156044;4.9845971909507965;0.28350380174298995;13.826498048473091;286.2242763582231;0.9974615909876355;2.929401586966373;1.8203517164851857;10.797836632883858;6
6.050855470831615;1.4541311280549585;0.10680070400236363;9.14830807172611;0.4865217730268718;29.86631436128986;31.657371048142746;1.0009525212578192;3.7934944201859584;1.4050465654900017;9.086510794201285;3
5.7764390380410795;1.5111099248236588;0.953402879382095;2.186876753505565;0.514334455922636;26.249161947287153;194.8302865032068;0.9905637916759136;3.802380646948425;1.2075670144495603;13.15956162633828;4
12.785028633554775;0.5970441113638596;0.06022694490029745;6.939516644314822;0.4042106750192719;57.16128925864392;86.20154756347806;1.0034723272056745;3.774425119525775;0.883426456453182;10.486628768580848;6
11.135772162172422;0.6374604252378601;0.29765027756828044;11.852348161137174;0.14882708553274368;37.22511706994666;187.14558223388613;0.9962658279312583;3.5592550187978187;1.9666006940508833;10.124606455420338;6
7.698015532125806;0.8582258639960598;0.29806620117000415;11.023652460064042;0.17613305645094296;10.077331326536159;177.95747197515468;0.9949627281352679;3.2048395422416824;0.8638917967326383;12.640074810098081;6
5.497438869575548;1.4940363862991632;0.3204012861402149;15.363383962713813;0.2005898520898325;53.46843648409332;49.42828348660987;0.9940569068433777;3.1261692616709267;1.5727907990767607;12.033570801879472;4
5.567938220439665;1.399426372387775;0.16428684327240928;4.957210439421238;0.08196566053263724;29.179046453969246;64.50930074448769;0.9924447383582049;2.7508645580500763;1.2184096058413512;10.755669171786462;4
